tile_id,city,area,lat,lon,temperature_c,daily_max_temperature_c,exceedance_h,persistence_h,apparent_temperature_c,wet_bulb_c,relative_humidity_pct,solar_ghi,population,vulnerability,canopy_fraction,vegetation_fraction,pervious_fraction,impervious_fraction,building_fraction,road_fraction,transit_stop_count,school_count,park_count,cooling_center_access,data_provenance,thermal_stress_index,exposure_multiplier,exposed_population,baseline_person_hours,equity_weighted_person_hours,high_vulnerability
hou_0000,houston,Downtown,29.7527,-95.37819999999999,34.92362756110683,38.77562756110683,8.114803070683228,6.225161734159017,39.32696623526635,30.05685599656004,68.37741587562964,729.8205270647155,30.246710199080727,0.5515315771757388,0.06034818048648694,0.09683749051223531,0.10425517150213821,0.8365233555938968,0.39480981935976667,0.2662667371505858,3.064650854559326,0.0,0.0,0.2549032967162719,synthetic_demo_calibrated_to_diagnostic_summaries,0.39634449931183685,1.1461933827477826,34.66857908007619,392.83177153820174,555.3261164291047,False
hou_0001,houston,Downtown,29.7527,-95.3758,34.933056833830754,38.78505683383075,8.74668854337841,8.060049423866477,39.4525780896071,28.87291977787005,65.93242573758003,694.5395008882828,31.54011202187943,0.564305809500901,0.13753534257140573,0.19006048100249656,0.1500718240888309,0.7818902289742359,0.45358631291288815,0.22119745361896548,3.2728934466213992,0.0,0.0,0.15054368061908802,synthetic_demo_calibrated_to_diagnostic_summaries,0.4085463116683523,1.1579564985961655,36.52207768218633,449.9562294817473,640.3909152200002,False
hou_0002,houston,Downtown,29.7527,-95.3734,34.98148382520884,38.833483825208845,8.947177591138127,7.002771199428453,39.25653106115585,29.52312111315224,64.26942255805379,798.800746669315,19.83703044515545,0.5510161901866432,0.05762601553284033,0.13961043581608978,0.2342412008092842,0.6981822417097183,0.4505103832066498,0.18426922773054155,3.4648154619992027,0.0,0.0,0.5526161694161728,synthetic_demo_calibrated_to_diagnostic_summaries,0.4607097672977118,1.1687977048949774,23.185475656229478,303.0163069883091,428.24147526915243,False
hou_0003,houston,Downtown,29.7527,-95.371,34.9606074364269,38.8126074364269,9.185968317236918,9.160756065964865,39.295135625949854,28.767184466416513,65.5125655896703,757.128904537312,20.924369834207923,0.454016505509824,0.11459666692741433,0.1740974732663478,0.17000230382552423,0.7755650857861576,0.36288406925545474,0.22589580839946694,1.7825709181577019,0.0,0.0,0.2653997876530528,synthetic_demo_calibrated_to_diagnostic_summaries,0.4437611227053796,1.0737718158174,22.467998591712274,297.97832476069266,399.4436330548335,False
hou_0004,houston,Downtown,29.7527,-95.3686,34.94756666090415,38.79956666090415,9.390705251791866,7.563930050561293,39.43715661586422,28.736059422512326,66.20173432300108,762.2912551473714,24.787087144414606,0.35218418006221797,0.11744223419724958,0.17668408478070236,0.1692624302384365,0.772358733449206,0.3891922420823831,0.25209078522432593,3.017621169732146,0.0,0.0,0.21264029324044795,synthetic_demo_calibrated_to_diagnostic_summaries,0.4720598778283074,1.1435367906190688,28.344946081919055,391.8314763194201,495.3291117270127,False
hou_0005,houston,Downtown,29.7527,-95.36619999999999,34.80833668175001,38.66033668175001,8.748671513124942,7.121035231015183,39.0005016909806,28.62272307490615,70.46365441379142,819.3383102377678,18.771509334254667,0.47953534337475767,0.08077693518900816,0.14751158247614712,0.19067042082039704,0.7426539633324227,0.44450410564786835,0.28511381990030915,2.5242520062616047,0.0,0.0,0.2868302171322147,synthetic_demo_calibrated_to_diagnostic_summaries,0.3454319768810753,1.1156675705500358,20.942764214505225,246.51188290108857,335.1702532107872,False
hou_0006,houston,Downtown,29.7527,-95.3638,34.65864121504079,38.51064121504079,8.466003759010663,7.409475426316694,39.43704430606724,28.231660203380304,72.22785160047705,837.1053751706806,21.761199705886717,0.50465731432393,0.07715442206650515,0.12937562532962982,0.14920343789464197,0.7894084790569642,0.4092538869892921,0.21004910119681358,4.134618719985517,0.0,0.0,0.26817026939972466,synthetic_demo_calibrated_to_diagnostic_summaries,0.3003233924795257,1.18,25.678215652946324,282.6797342112355,389.6720308218688,False
hou_0007,houston,Downtown,29.7527,-95.3614,34.48384689397452,38.33584689397452,7.948756456837497,6.232432195025544,38.57576677985604,28.691274441327018,67.5765263277068,596.2080580200886,24.81120451073319,0.5885374180994652,0.13809248872845808,0.17875072560375482,0.11616639107227639,0.8172857041844006,0.44365269828882004,0.20881999198512552,2.1067270421262783,0.0,0.0,0.176300736801175,synthetic_demo_calibrated_to_diagnostic_summaries,0.18527159339349444,1.0920826042178275,27.095884835862613,255.28212401022398,367.9644356241675,False
hou_0008,houston,Downtown,29.7549,-95.37819999999999,34.644376669030706,38.49637666903071,7.859479943327911,7.245173847532785,38.592233144256845,28.17436539109629,67.5203323583812,747.5348194799392,27.149817542011856,0.5529673475963285,0.06737338682147481,0.13736660474225187,0.19998062263079158,0.738594061270577,0.40950210732420933,0.25813405714436255,3.15588636638554,0.0,1.0,0.3271306133931375,synthetic_demo_calibrated_to_diagnostic_summaries,0.1713445112288169,1.2313470541675966,33.43084785154404,307.7696905538303,435.40963264590107,False
hou_0009,houston,Downtown,29.7549,-95.3758,34.89606214865681,38.748062148656814,9.634694833612464,8.67591062004401,40.136881548596016,29.51287990411061,73.01002260322629,777.3240352174713,21.886308089658886,0.4230671555367992,0.09923496485556517,0.1409013901139356,0.11904692930962985,0.82771378804285,0.3549285509834676,0.19586801488755376,1.9389374313852021,0.0,0.0,0.20567248088355525,synthetic_demo_calibrated_to_diagnostic_summaries,0.5824003022830219,1.0826045785663123,23.69421734577763,361.2407111830343,475.8625212912568,False
hou_0010,houston,Downtown,29.7549,-95.3734,34.86538975648611,38.717389756486114,8.615135634443348,7.32412351094819,39.66649906665464,28.469183466171252,68.4523742368471,809.6421911047674,20.645622877553922,0.3727883358456296,0.1622666031863005,0.21403786867820507,0.14791790140544164,0.7839533399086079,0.4541917245730027,0.2527388588683295,3.604099089410676,0.0,0.0,0.3422877635278435,synthetic_demo_calibrated_to_diagnostic_summaries,0.376117732185269,1.1766654971117385,24.29299210639847,288.00413248674124,368.5275684365386,False
hou_0011,houston,Downtown,29.7549,-95.371,34.96545797935102,38.81745797935102,9.81594398700018,7.556144655241872,39.085118199037105,28.891400762946677,71.85226864519579,687.7368533256721,24.377439066076246,0.37651726693653065,0.061229734433141766,0.12742116118767077,0.18911836215579714,0.7483713554984792,0.4167352156381575,0.25894047785407903,3.147713304169654,0.0,0.0,0.07363446160606732,synthetic_demo_calibrated_to_diagnostic_summaries,0.5057223995190364,1.150885377827855,28.055638170036673,414.664765521054,531.7610986777024,False
hou_0012,houston,Downtown,29.7549,-95.3686,34.533050433814125,38.38505043381413,8.170634370053508,7.666648929273115,38.052798565179415,29.326435098088123,68.77735239026954,854.4007578046692,25.696583844239807,0.5447680419666389,0.1609166815118728,0.22441265549993095,0.18141706853730896,0.7469057443612642,0.4778479140095121,0.2439239215461715,1.2043257690818012,0.0,0.0,0.018216102303061976,synthetic_demo_calibrated_to_diagnostic_summaries,0.24023875413054685,1.041108158445532,26.752923084417713,271.1017464097802,381.8674220838244,False
hou_0013,houston,Downtown,29.7549,-95.36619999999999,34.65057492524019,38.5025749252402,8.325367271112077,7.275019474333139,38.994855457789185,29.43179778953997,69.61347779089465,837.4675333447472,33.975804355929654,0.46391156395236655,0.1868150080199795,0.26669315817177597,0.22822328614799003,0.7108483182328129,0.40618930412798043,0.27172813915418015,2.898881433529109,0.0,1.0,0.4403212751713945,synthetic_demo_calibrated_to_diagnostic_summaries,0.32112487060918254,1.2168294726831377,41.34276009841133,454.72280693744176,612.9361833358107,False
hou_0014,houston,Downtown,29.7549,-95.3638,34.52355565229517,38.375555652295176,7.948492883574871,6.814809112653988,39.43323857057521,28.620324225032377,72.5356255030858,760.8446072126925,32.44900845086032,0.44127687676409255,0.08460198079229045,0.1423555554495473,0.16501021330644822,0.7629126698245947,0.48051411245971387,0.28798697778075155,1.978742574129042,0.0,0.0,0.31977172066569326,synthetic_demo_calibrated_to_diagnostic_summaries,0.24560469055114914,1.0848530739428857,35.202406564314494,348.5277632777057,463.8756954112764,False
hou_0015,houston,Downtown,29.7549,-95.3614,34.47198565841777,38.32398565841777,7.991795073580301,7.46995537722712,38.29683541900207,28.893384054864384,69.62623045303187,685.0132391813256,17.4278840446233,0.4692931478302358,0.12276470433280316,0.1900015439973452,0.19210525618440588,0.7407599336225797,0.4475654012867625,0.2562664653041487,1.993514971588674,0.0,0.0,0.3375890803568349,synthetic_demo_calibrated_to_diagnostic_summaries,0.18740026235633925,1.0856875306260996,18.921236392445074,179.5523077050308,242.74930846733858,False
hou_0016,houston,Downtown,29.7571,-95.37819999999999,34.62772375599576,38.479723755995764,8.497079614588351,8.315779720236204,39.43461967378481,28.180313086476065,68.691847197411,709.3409494729267,31.289659333630542,0.5696675159419723,0.19721273379811996,0.2521762805654201,0.157038705049429,0.777080939506607,0.43920236962642706,0.26698216411550624,2.812330961977029,0.0,0.0,0.1534565102542927,synthetic_demo_calibrated_to_diagnostic_summaries,0.2960853166443907,1.1319404477554427,35.41803099622502,390.0566546298335,556.7086087695433,False
hou_0017,houston,Downtown,29.7571,-95.3758,34.6381815956324,38.49018159563241,8.729241400111901,8.05339107421324,38.367890959040245,29.127078606605362,66.31169459046515,728.0639299002739,28.116884372928748,0.5622832422925034,0.1620988376697439,0.21327290636600926,0.1462116248464725,0.7946492163607778,0.39426105861833155,0.25344122087489035,2.7727231571262756,1.0,0.0,0.14457251388545522,synthetic_demo_calibrated_to_diagnostic_summaries,0.30538625875555603,1.2897030995148833,36.26243292446779,413.21157534299186,587.4680335954797,False
hou_0018,houston,Downtown,29.7571,-95.3734,34.76249961450902,38.614499614509015,8.7445754499586,7.322269412117501,39.23176775106813,28.396652382938075,65.6727612469116,658.9005259639737,23.416524797974102,0.490429171654024,0.12332162267181977,0.17984425879593502,0.16149324606890075,0.7806736462283853,0.38555405135142623,0.234434102480968,3.662804779432298,1.0,0.0,0.5729149164828565,synthetic_demo_calibrated_to_diagnostic_summaries,0.3412760951716673,1.3399816382807734,31.377713261631694,368.02574771939067,503.3936696704208,False
hou_0019,houston,Downtown,29.7571,-95.371,35.03659130296148,38.88859130296149,9.775493049883256,8.829268894569742,39.46462060615163,29.58285111865141,69.68952720681365,773.5451398894897,31.119939241415224,0.5281112808433959,0.06681426842114492,0.16307939680787575,0.2750432239620881,0.6708489098310827,0.36071910804552815,0.26166093279634417,2.4743784100938835,0.0,0.0,0.22711752329092366,synthetic_demo_calibrated_to_diagnostic_summaries,0.5765829594163029,1.1128503328097301,34.63183474182751,533.741534462882,745.147728516266,False
hou_0020,houston,Downtown,29.7571,-95.3686,34.68722181664688,38.53922181664689,8.285109849882772,6.561756191881758,38.845714964518535,28.550147966446744,73.42365395172575,824.0451336774656,21.579150788362746,0.48599169058014585,0.13877248795986455,0.18227401888358502,0.12429008835348707,0.7974069955967613,0.5220194403316775,0.1880388490652295,1.690273453716869,0.0,1.0,0.0858695009856788,synthetic_demo_calibrated_to_diagnostic_summaries,0.26242695253607146,1.1485581572858838,24.784909665276142,259.2339452526906,353.7231027345277,False
hou_0021,houston,Downtown,29.7571,-95.36619999999999,34.693567464873226,38.54556746487323,8.623801425831155,8.475209565417869,38.96656327872731,28.974927399927765,70.37179234531534,739.5627019413856,25.405159401096622,0.4904856200014898,0.1707610145342626,0.22139297286468523,0.14466273808692187,0.8023520111571079,0.3532350050398017,0.23442726123539978,3.0392106411057513,1.0,0.0,0.4568549127565791,synthetic_demo_calibrated_to_diagnostic_summaries,0.3323582068441511,1.3047563271718858,33.147542471391134,380.8650178337596,520.9716286405621,False
hou_0022,houston,Downtown,29.7571,-95.3638,34.659259386511216,38.51125938651121,8.802522838264949,8.20578391319161,40.355809459128146,28.83234289355712,70.5052714768024,807.6702543438369,24.722301512072747,0.47633004214175245,0.1282260630944582,0.2088507254018855,0.2303561780212209,0.6941608873279067,0.5032195643391493,0.22595461185366641,3.408377506903536,0.0,0.0,0.32436809949603923,synthetic_demo_calibrated_to_diagnostic_summaries,0.43347898683331226,1.1656096625379253,28.816553522647954,363.61394395070585,493.51412788473226,False
hou_0023,houston,Downtown,29.7571,-95.3614,34.37861374079984,38.23061374079984,7.75784958212412,6.824512447620446,39.604801213911585,28.330966432015202,71.19964036149403,891.5747480030267,26.86225671601523,0.5662149548816539,0.11016033941812789,0.1777844958457332,0.1932118755074437,0.7515548794872291,0.368221633368848,0.20796669471182422,3.2419935364313193,2.0,0.0,0.25994500478613564,synthetic_demo_calibrated_to_diagnostic_summaries,0.1988623618246695,1.316211038074995,35.35639879722341,328.83550601440044,468.4791919154726,False
hou_0024,houston,Downtown,29.7593,-95.37819999999999,34.50655093057269,38.35855093057269,7.59228616456396,6.619022579101773,38.23710581276109,28.600101290808954,71.33827007514448,776.2825686736778,30.099543686581793,0.47061911677132506,0.17984100361727065,0.2484265266959262,0.19595863736758723,0.738891399727246,0.43433308603444476,0.2121101400874777,3.319275115787203,0.0,0.0,0.20089036329969848,synthetic_demo_calibrated_to_diagnostic_summaries,0.1325282866197091,1.1605764859015295,34.93282263901266,300.369136334729,406.38872957014087,False
hou_0025,houston,Downtown,29.7593,-95.3758,34.79813386129421,38.65013386129421,8.838712595559182,8.366157255272382,39.759919547541735,28.646194977969127,65.85661297141942,846.41857472002,27.730654606833937,0.5824515886972305,0.11997645345225465,0.17114895719810663,0.1462071535595771,0.7983363425832778,0.3697100257143006,0.19514963894698714,2.8222327028071144,0.0,0.0,0.34986837592698067,synthetic_demo_calibrated_to_diagnostic_summaries,0.4068398877372939,1.1324997729315824,31.404960045483573,390.5097943269241,561.0995819075833,False
hou_0026,houston,Downtown,29.7593,-95.3734,34.574889144567564,38.42688914456757,8.405546533699976,8.392604602720754,38.0186705197999,28.424451515408098,68.34843085930602,780.2104026246399,34.06013365112043,0.5338331745047185,0.12786739001774675,0.1927544133787708,0.1853914953172116,0.7544440435793501,0.40109640735625507,0.23959401298194766,2.7506652434386982,0.0,0.0,0.19453193687207745,synthetic_demo_calibrated_to_diagnostic_summaries,0.22129452769807184,1.1284571017988962,38.435399706826416,394.56428351151413,552.5379115213626,False
hou_0027,houston,Downtown,29.7593,-95.371,34.69037732462684,38.54237732462684,8.16840364147965,7.353497304333597,38.86432806855898,29.153828224124943,68.3331289783905,713.4843184488942,31.82631529663173,0.5486195232636394,0.06931413520627322,0.1334331504367462,0.18319718637277993,0.7630884578658911,0.3580957050755265,0.2709372000023364,2.973399274845799,2.0,0.0,0.21135343179028312,synthetic_demo_calibrated_to_diagnostic_summaries,0.2853914197074101,1.301038803692225,41.407271179461304,434.7596169198876,613.647827246541,False
hou_0028,houston,Downtown,29.7593,-95.3686,34.74252285369279,38.594522853692794,7.589076522311672,6.390076512217759,40.306340227442945,28.601218256401026,68.98318358501679,768.9445494723466,31.057318620216574,0.46056892090118656,0.17236421541776192,0.2477231027702192,0.21531110672130654,0.7237896960195467,0.40599464839431176,0.23898906030647418,4.567614722483697,0.0,0.0,0.37114815057521844,synthetic_demo_calibrated_to_diagnostic_summaries,0.2973114249447978,1.18,36.64763597185556,360.8104767759994,485.44404572992295,False
hou_0029,houston,Downtown,29.7593,-95.36619999999999,34.45956196388994,38.31156196388994,7.867072939342799,6.600705716797134,39.12562480537528,28.57215609929933,72.43393772785241,745.9625508303975,27.20437093931189,0.48664263858567713,0.10047775567746745,0.1506543118071853,0.14336158894205106,0.7889190549011926,0.45146237437837544,0.23225095634006215,2.835664239887687,0.0,0.0,0.3309795033978303,synthetic_demo_calibrated_to_diagnostic_summaries,0.20359479157125876,1.1332584876841032,30.82958426908196,291.91818143371063,398.4630569817357,False
hou_0030,houston,Downtown,29.7593,-95.3638,34.39547159969589,38.247471599695885,7.866940700482483,7.3193980348037595,38.780565236276225,28.05357885086106,72.50854421094417,723.6364718515947,31.700993440897317,0.4450214679595187,0.19948283046581244,0.28136513099396354,0.23394943008043179,0.6977713977007539,0.45519448145876196,0.22625582325299132,3.6826562707575627,0.0,0.0,0.09046876201849195,synthetic_demo_calibrated_to_diagnostic_summaries,0.14660635227481242,1.18,37.40717226025883,337.4233241630773,450.04379144520226,False
hou_0031,houston,Downtown,29.7593,-95.3614,34.400851301809624,38.25285130180963,7.347687433211998,6.814076875870347,38.4215431459821,28.309985577696132,64.9457805294472,866.5452561506505,25.45612018683499,0.6422008113293587,0.18759973966542162,0.2815509580458765,0.26843205251558544,0.6658000390166812,0.43845272311822264,0.2215184506296342,2.3954546834009403,1.0,0.0,0.3573741780577236,synthetic_demo_calibrated_to_diagnostic_summaries,0.07561495767226264,1.2683921240874794,32.2883423548058,255.18389132772433,378.09336786435995,True
hou_0032,houston,Downtown,29.7615,-95.37819999999999,34.58157376836189,38.433573768361896,8.463772315418026,6.7084728272562755,38.31035752017891,27.89775502057971,72.25160349279821,721.5363094816703,21.79292726735469,0.46838924576717555,0.2075526588416933,0.2553010235443471,0.13642389915043934,0.8012788739978717,0.41531484567792665,0.2485896061761609,3.1743028030409097,0.0,0.0,0.11574375660513987,synthetic_demo_calibrated_to_diagnostic_summaries,0.2129565850136615,1.1523873537323799,25.113893783709095,257.8239641381166,348.3954432156334,False
hou_0033,houston,Downtown,29.7615,-95.3758,34.23612408447643,38.08812408447643,6.827477170823229,6.312241013307403,39.01772727529923,28.51175446526465,71.06200020231323,718.8243037158734,30.377467491621314,0.3237150298567672,0.15079826779676853,0.21603826509385432,0.18639999227738802,0.747717461368222,0.43921697569593304,0.25603702476500634,3.2693397071899275,1.0,1.0,0.1391555574629529,synthetic_demo_calibrated_to_diagnostic_summaries,0.0628799764572923,1.39775575652792,42.46028005515345,308.1252836700703,382.9338727222315,False
hou_0034,houston,Downtown,29.7615,-95.3734,34.819016354080134,38.67101635408014,8.503840440301978,7.7834198655117,39.871252629324616,28.954934360819696,69.00214222957399,802.8858236390219,19.507072477670313,0.4517962423174271,0.09780289183429791,0.16759719250891608,0.19941228764176616,0.7409587488355245,0.39752642348472916,0.20640794683565203,3.060643366969474,1.0,0.0,0.3455101661877776,synthetic_demo_calibrated_to_diagnostic_summaries,0.39841695643570163,1.3059670095533578,25.475593108803707,302.9535793294373,405.608545882678,False
hou_0035,houston,Downtown,29.7615,-95.371,34.60728552419535,38.45928552419535,8.655401728721854,6.8964921889871995,38.27179537497128,28.345925821516047,69.1660471414746,718.1339995182309,26.884676804379914,0.5072362264149262,0.04638761192120072,0.10451453844527865,0.16607693292593695,0.7634781638231926,0.46963268833913663,0.2128842868837231,4.024111773647606,1.0,0.0,0.35234291944758905,synthetic_demo_calibrated_to_diagnostic_summaries,0.24887028569232514,1.3399999999999999,36.02546691786908,389.4163490576285,537.5609086078304,False
hou_0036,houston,Downtown,29.7615,-95.3686,34.49571487736536,38.34771487736536,7.750382556086567,6.135321607464278,39.22276725224111,28.71259235224077,67.10509826595988,786.1263771865039,29.91528983717314,0.4815646996015493,0.04723454941641528,0.12644972536645196,0.226329074142962,0.7141207413789242,0.397001229854092,0.22732973356548655,3.663527129994611,0.0,0.0,0.2611757340221316,synthetic_demo_calibrated_to_diagnostic_summaries,0.2107536761940987,1.18,35.300042007864306,331.248681454315,450.88693528778236,False
hou_0037,houston,Downtown,29.7615,-95.36619999999999,34.48045561888281,38.332455618882804,7.229090552974377,5.740087802189201,39.30477568486924,28.50376972342317,72.72910238551138,766.2050732830436,31.216687201285808,0.4409633735168551,0.11023246013671696,0.12073246013671696,0.03,0.9445788428489181,0.4356594690219039,0.24919161109788968,2.6210154484408985,0.0,0.0,0.2432533665648761,synthetic_demo_calibrated_to_diagnostic_summaries,0.14559999184722064,1.1211335012656123,34.99807381989098,289.84166080731285,385.6988282088034,False
hou_0038,houston,Downtown,29.7615,-95.3638,34.212764995953364,38.06476499595337,7.246507297238621,6.081144512694674,40.27458750391975,27.732606942868284,70.03612412176709,732.3087485878168,25.49697993193949,0.4743221189667533,0.07418747212333134,0.16338626894198724,0.25485370519615974,0.6801253737634595,0.43347280693587165,0.21293374465118997,3.166527366407197,1.0,0.0,0.24268231766630263,synthetic_demo_calibrated_to_diagnostic_summaries,0.17251850018630885,1.311948138291444,33.45071535376232,284.2194844966145,385.32817560016883,False
hou_0039,houston,Downtown,29.7615,-95.3614,34.35806952775628,38.210069527756275,7.532062929975258,5.675071550613837,38.70421985257627,27.971732602209002,70.97090952733785,860.2111174177713,22.870633330257302,0.5771653726364553,0.1918380008054009,0.297639573936693,0.3022902089465489,0.6409388773036557,0.3784727583319692,0.2449898470151923,1.7888414972524873,0.0,0.0,0.32741049136441874,synthetic_demo_calibrated_to_diagnostic_summaries,0.09941332241209379,1.0741260255282858,24.56594248034402,203.42689290644438,291.4851117429126,False
hou_0040,houston,Downtown,29.7637,-95.37819999999999,34.272453961739195,38.12445396173919,7.918499307229989,6.318585840689281,38.636529073525416,28.192557215955105,68.80400037278723,755.8321592210771,27.922769481033825,0.575915740931537,0.16629399089277147,0.24641238895691492,0.2289097087546956,0.7061258583752401,0.4330962191337619,0.2664218314202946,4.345709243615819,0.0,1.0,0.15564709689624334,synthetic_demo_calibrated_to_diagnostic_summaries,0.13658922187192482,1.26,35.18268954610262,316.64705451649183,453.4185717782325,False
hou_0041,houston,Downtown,29.7637,-95.3758,34.43964384926918,38.29164384926918,7.360243467344223,5.573555944429575,38.92763570690884,28.47301916124776,71.8012052515369,734.0350249529746,22.15979458748404,0.45363461724919785,0.11342670502355684,0.15275595478250303,0.11236928502556053,0.8235317312348239,0.42732655826410365,0.23066936979983235,2.161774881472076,0.0,0.0,0.2362480755139132,synthetic_demo_calibrated_to_diagnostic_summaries,0.12639643638045536,1.0951921223284875,24.269232464629976,201.20533405168825,269.66061257746424,False
hou_0042,houston,Downtown,29.7637,-95.3734,34.57089548419255,38.42289548419255,7.229209666263719,6.734293361500157,38.716416436514905,28.91200330825293,66.22532269168984,681.9733872889533,31.198133622744344,0.3993536498682515,0.14845707561469024,0.1975039464128222,0.1401339165660913,0.7947538284147363,0.4340817001278161,0.25201876935635914,3.7709997070848376,0.0,0.0,0.35911367875829,synthetic_demo_calibrated_to_diagnostic_summaries,0.14180060891752297,1.18,36.81379767483833,303.87271912887684,394.88722873850713,False
hou_0043,houston,Downtown,29.7637,-95.371,34.5771857199628,38.4291857199628,8.116312385454881,6.772801246467434,39.67083038518188,28.4295051681507,71.97518609342535,745.2961610147836,27.616249620912008,0.42850926098569686,0.10865467508717777,0.1688603012985343,0.1720160748895901,0.7560740957742558,0.4793988622410275,0.23019665658609897,2.2367589521820794,0.0,0.0,0.27325843457798643,synthetic_demo_calibrated_to_diagnostic_summaries,0.27727945127731496,1.0994277894982574,30.362072274951377,314.7575014114607,415.91487965110775,False
hou_0044,houston,Downtown,29.7637,-95.3686,34.545841708459854,38.39784170845985,7.9463634589673315,7.194026813513161,38.801242076891285,29.097543869250572,72.65999631862431,698.8360673940629,17.666324173871146,0.4942495436645927,0.14566923686808098,0.20001148349255662,0.15526356178421613,0.7853503892579179,0.39590699305243987,0.20983586941258978,3.270182609341953,0.0,0.0,0.30697778608193327,synthetic_demo_calibrated_to_diagnostic_summaries,0.23238915885280767,1.1578033700135424,20.454129664259725,200.30754091571094,274.5589739333361,False
hou_0045,houston,Downtown,29.7637,-95.36619999999999,34.376910438271565,38.22891043827157,7.459177129672511,6.148574989105056,38.92074036342712,28.586449844769326,72.29346665653391,752.4249097037164,33.90864817954965,0.4948114652147384,0.12352841575802155,0.1820277952573772,0.16714108428387325,0.7630676239037575,0.4652752787491284,0.21437456902166077,2.3005848329154657,0.0,0.0,0.2744587760906363,synthetic_demo_calibrated_to_diagnostic_summaries,0.13380133446985695,1.1030331577457297,37.40236327637764,316.32020114927224,433.7093478050414,False
hou_0046,houston,Downtown,29.7637,-95.3638,34.287244089077355,38.13924408907735,7.050881018486922,5.519977411911079,38.83690975243046,28.230457293683358,70.1869370724144,825.2367919991049,37.60769518401162,0.4312947796168104,0.13646624955526776,0.20474822255405284,0.19509135142510026,0.7471891712933296,0.3847965152104676,0.2541023953498488,3.4434103002566543,1.0,0.0,0.6046000637725117,synthetic_demo_calibrated_to_diagnostic_summaries,0.05792844997917134,1.3275885795434452,49.92754662924485,372.42592791363734,492.89494679096106,False
hou_0047,houston,Downtown,29.7637,-95.3614,34.13036482738522,37.982364827385226,6.86705134473995,6.798512789756096,38.351543973748335,27.88243611388065,72.1658717804354,865.5899247538367,21.311858452267572,0.3416246992083437,0.1689281094573143,0.23887143250986376,0.199838065864427,0.7435113858715572,0.37767032176010534,0.19604692953868516,3.307832630035361,0.0,0.0,0.22613978440551616,synthetic_demo_calibrated_to_diagnostic_summaries,0.0031794784026355073,1.15993012780466,24.72026669829355,170.29507411224827,213.92782671494285,False
hou_0048,houston,Downtown,29.765900000000002,-95.37819999999999,34.328655878659575,38.18065587865958,8.411246671969401,8.271335027199356,38.95383049970894,28.417274727017652,66.25862635113565,724.7295528419043,24.947526817731102,0.45999689090829493,0.12996898402374515,0.22241512322836662,0.2641318262989185,0.6813956932436654,0.36314986971610685,0.26088104164898646,3.872180185150226,0.0,1.0,0.2261522216699393,synthetic_demo_calibrated_to_diagnostic_summaries,0.2245071032092373,1.26,31.433883790341188,323.75741326293587,435.4529658950327,False
hou_0049,houston,Downtown,29.765900000000002,-95.3758,34.6228169643259,38.474816964325896,7.927064053081653,6.778040574468636,38.476351756095575,28.83921080611953,72.62947285205351,768.5348107082899,32.32373646999747,0.314036692893112,0.017048725623097373,0.05044071609525574,0.09540568706330961,0.8412161922965569,0.4225208042675569,0.2348727034057854,3.063121085588497,0.0,0.0,0.35376248288996154,synthetic_demo_calibrated_to_diagnostic_summaries,0.20498524273673452,1.1461069698317363,37.046459659268386,353.86760492353994,437.2131642026861,False
hou_0050,houston,Downtown,29.765900000000002,-95.3734,34.47385050408853,38.325850504088535,8.063117948516052,7.2157143789962115,38.15211221315034,28.87382995257134,66.8027855021799,820.7507582640612,19.97521322280529,0.4700669545988099,0.12001112373514754,0.20296554163364985,0.2370126225671495,0.702086148321553,0.4060081940753166,0.24245521603966802,2.688834840118264,0.0,0.0,0.05410490177074071,synthetic_demo_calibrated_to_diagnostic_summaries,0.1943416168841827,1.1249644532008913,22.47140482076437,216.40226494351964,292.6949301812334,False
hou_0051,houston,Downtown,29.765900000000002,-95.371,34.464327767507996,38.316327767508,7.294811127126682,6.9445718493028,39.19023261677557,28.160856310956362,73.23014040506442,771.534701735765,24.053861473516932,0.5225527333758632,0.16209105741749924,0.2544645008465951,0.263924124083131,0.6770382379615661,0.3935842530353523,0.23758714129880099,2.4752356921098095,0.0,0.0,0.3355659819006157,synthetic_demo_calibrated_to_diagnostic_summaries,0.12328319764471422,1.1128987585787729,26.769512572902766,219.35310080334776,305.32077260279317,False
hou_0052,houston,Downtown,29.765900000000002,-95.3686,34.35864180625029,38.210641806250294,7.957251368580455,6.370995891868457,39.35809973208544,27.924163327994144,70.22301478550185,740.10291822857,18.438626757956442,0.5781261151703572,0.1635489016405099,0.2284851367012879,0.18553210017365146,0.7500424847148293,0.4295027674101285,0.21980526667402994,3.0673935277503253,2.0,0.0,0.24219005024559037,synthetic_demo_calibrated_to_diagnostic_summaries,0.1903839639039034,1.3063483096633597,24.08726889776999,228.1590533161768,327.08758366714756,False
hou_0053,houston,Downtown,29.765900000000002,-95.36619999999999,34.289637418516875,38.14163741851688,7.378722536917514,6.031315693449023,38.53227804038205,28.49827081161793,68.34263641064862,672.4921476853677,31.969214039851174,0.527270036152635,0.13258649986184445,0.18703317199401673,0.15556192037763505,0.7826262675686019,0.41207874702508707,0.2599104924856731,2.1185031908055363,0.0,0.0,0.39706013193157297,synthetic_demo_calibrated_to_diagnostic_summaries,0.08789859191746668,1.0927478101192245,34.93428863328014,280.4280800560123,391.324072988023,False
hou_0054,houston,Downtown,29.765900000000002,-95.3638,34.00782446882154,37.85982446882154,6.564803121198927,6.516413061605043,38.619966164662195,27.81758541343723,68.07014457800074,818.0696421503483,17.060792024030278,0.41777277024614645,0.09235205019989799,0.16598257637646635,0.2103729319330525,0.718324604207376,0.47534975906380994,0.28260784430169833,1.850830532385467,0.0,0.0,0.14762455475372663,synthetic_demo_calibrated_to_diagnostic_summaries,0.015179445481827277,1.0776276348502702,18.385180957528103,122.52717792297184,160.91856683646367,False
hou_0055,houston,Downtown,29.765900000000002,-95.3614,34.183083555291255,38.03508355529125,7.221590307270947,6.3305738131567875,38.81215248321252,28.25839966547859,66.26331530730637,843.6850983748811,28.867650821822384,0.5889417198310626,0.11184107915343362,0.20668739983378104,0.2709894876581355,0.6666699314748861,0.41560387244652264,0.20423238116114883,2.7618694458523576,0.0,0.0,0.33585277225987603,synthetic_demo_calibrated_to_diagnostic_summaries,0.07639578478842189,1.1290899998514776,32.59417586212394,253.36396062960176,365.2764156669072,False
hou_0056,houston,Downtown,29.7681,-95.37819999999999,34.217937770343745,38.06993777034374,7.4644519573648935,7.117417547182222,39.27361889316131,28.29748723151672,72.5748153404644,828.128413985442,21.110669391713014,0.5008814764204771,0.10598265531555773,0.17597749295204362,0.19998525038995976,0.7389583465809219,0.4070426868607892,0.21336027471751998,3.1913694162456347,0.0,0.0,0.2902559732288319,synthetic_demo_calibrated_to_diagnostic_summaries,0.13650619495880215,1.1533514050644285,24.348020204782827,206.5538945718411,284.14815932699867,False
hou_0057,houston,Downtown,29.7681,-95.3758,34.567518882463105,38.41951888246311,7.982121847431579,7.57336013320769,38.56259438825596,28.161369486883448,65.8953073569023,882.3277785902927,23.84345446317836,0.22241972449932473,0.08225117021740425,0.16072606561706987,0.2242139868561875,0.7146182710368788,0.40778494737955795,0.285750202190214,2.9424199045008343,0.0,0.0,0.18165573628766607,synthetic_demo_calibrated_to_diagnostic_summaries,0.17058503977828562,1.1392888546608129,27.164581926511723,253.8191281220321,296.15991353420304,False
hou_0058,houston,Downtown,29.7681,-95.3734,34.65084372817543,38.502843728175435,7.533960103492726,5.721219424039185,38.84562408944245,28.3730209835221,67.48012854510526,799.5751149484847,31.828070568201444,0.4766478203022983,0.1578998835683794,0.20069342519426486,0.12226726178824426,0.8115707068053987,0.44108020937571385,0.2091967602072651,2.422337092192964,0.0,0.0,0.5661658087175989,synthetic_demo_calibrated_to_diagnostic_summaries,0.16530968480943686,1.1099106457586365,35.32631435760392,310.1437267605647,421.0157252662057,False
hou_0059,houston,Downtown,29.7681,-95.371,34.346357527439686,38.19835752743968,7.6369561928882295,6.837683777299002,38.83765459178348,28.04632322712502,68.37909746131552,762.2637158649562,17.987736219388932,0.4000297291560334,0.08594449711625295,0.14604018029107657,0.1717019519280675,0.7652405568873377,0.42038327456396524,0.3047949936023155,2.7327201725907844,2.0,0.0,0.1767893548525679,synthetic_demo_calibrated_to_diagnostic_summaries,0.11820251512989641,1.2874434285382956,23.158192789932567,197.76317653854275,257.0965389993553,False
hou_0060,houston,Downtown,29.7681,-95.3686,34.367122167364975,38.21912216736497,7.640804264187763,7.303920476072151,38.36551521127264,28.29113664221883,68.82206452566692,696.5739193247291,26.33626567284944,0.3026839001758608,0.18688561915310853,0.26333999811099307,0.21844108273681295,0.7236511399562675,0.38605184871279696,0.22582917390891438,2.2850664631188007,0.0,0.0,0.2697732889274645,synthetic_demo_calibrated_to_diagnostic_summaries,0.09983524885687962,1.102156562905603,29.026688053756555,243.92942634040486,299.3045589396854,False
hou_0061,houston,Downtown,29.7681,-95.36619999999999,34.53123906254483,38.38323906254483,7.984708570482456,6.792596341164604,39.58162418986146,28.168830237923768,67.38530380644649,732.3467674727133,29.50154265292027,0.4824496511863511,0.05674847661187422,0.09117509041474658,0.0983617537224925,0.8318009018234572,0.4655822963603351,0.23988089889624023,2.6196321152985838,0.0,0.0,0.4238740383882972,synthetic_demo_calibrated_to_diagnostic_summaries,0.2354236164742307,1.1210553601521696,33.07286252381412,326.2471709618847,444.2955463352061,False
hou_0062,houston,Downtown,29.7681,-95.3638,34.40506219655939,38.25706219655939,7.580343011001271,7.1933549485334645,39.651359153017154,28.56494883258447,70.36191984481185,746.5213908970484,14.133068173086444,0.6234919999232826,0.11279430758732191,0.1736191521182151,0.17378527008826627,0.7589540060620478,0.448404825664573,0.24401479803129653,2.188854372767254,0.0,0.0,0.35237852469284836,synthetic_demo_calibrated_to_diagnostic_summaries,0.19977439271460073,1.0967217767093047,15.500043637141093,140.96826907195208,206.88771007899823,True
hou_0063,houston,Downtown,29.7681,-95.3614,34.34709260824464,38.19909260824464,7.941640308833673,6.6085231737450005,39.752765519891035,28.127348874722937,68.7615940192454,904.7050979848595,19.713935986638273,0.5851572864967227,0.06480115337320494,0.13065740300593603,0.18816071323637462,0.7505926427481368,0.4083109601032575,0.22269967747603855,4.0985948547054,0.0,0.0,0.21721247363652427,synthetic_demo_calibrated_to_diagnostic_summaries,0.21389435709710988,1.18,23.26244446423316,224.25723082229737,322.6765453212309,False
hou_0064,houston,East_End,29.7403,-95.3244,35.03082027074146,39.292320270741456,8.164326634678591,7.042741399562249,39.01657579531111,29.402162721083556,67.6968992884489,605.4895885450687,42.29307161781948,0.7624068003813612,0.11588422652895222,0.2184117150657025,0.29293568153357225,0.6603175853287848,0.3116448875842863,0.2606551686202124,2.3420892918693896,0.0,0.0,0.10453712723433667,synthetic_demo_calibrated_to_diagnostic_summaries,0.35960794073213764,1.1053776433481464,46.749815834859675,518.9362010762295,815.6665675746697,True
hou_0065,houston,East_End,29.7403,-95.322,35.23550117862369,39.49700117862369,10.190934222115864,8.072963555238987,39.70217834280444,29.100471071667226,61.89363025151726,675.0176088807144,39.20493249531529,0.8842562275280231,0.1510848933137401,0.24876687114815554,0.27909136524118705,0.6771923172478896,0.2914421167394889,0.2716368811211686,1.812422599896451,0.0,0.0,0.2474082273282335,synthetic_demo_calibrated_to_diagnostic_summaries,0.6252463693344908,1.075458064471361,42.163260819142145,698.3407643155006,1161.4748916524961,True
hou_0066,houston,East_End,29.7403,-95.31960000000001,35.45727585443599,39.71877585443599,11.339501909568686,10.533363853264497,39.66876577329005,30.149807244080108,64.7368327637661,761.8691469886428,30.163755621223338,0.5974888796114984,0.13142161969181307,0.20039185780622548,0.19705782318403545,0.7634998906951176,0.2629485741389798,0.289127764803769,0.933994166858072,1.0,0.0,0.1534037994538945,synthetic_demo_calibrated_to_diagnostic_summaries,0.7147316606691099,1.185837785929765,35.76932118119799,695.5059400931152,1007.1737387751483,False
hou_0067,houston,East_End,29.7403,-95.3172,35.42622698477019,39.68772698477019,10.236494739086215,8.660005837934339,39.24794862476684,29.138903996971877,69.04381886768408,750.5980078193681,46.963350002707514,0.746749445205729,0.13461833471447865,0.22549366183157504,0.2596437917631326,0.6819345523966469,0.38947770560146966,0.26981114806579176,2.2468423784615097,0.0,0.0,0.028602569687403493,synthetic_demo_calibrated_to_diagnostic_summaries,0.6246166504506951,1.0999973776420615,51.659561848264566,859.118133599067,1340.2776258225306,True
hou_0068,houston,East_End,29.7403,-95.3148,35.631660309076345,39.89316030907634,11.428295253098238,10.50302185273886,39.68362706638436,30.355490752175314,69.69846803027679,618.4549827547244,37.62731243254287,0.6715731570118503,0.18832168482632655,0.30713784840995395,0.3394747530960783,0.6108553324580274,0.3311327629726292,0.24281472944742757,1.5142171885119018,0.0,1.0,0.13098236112730008,synthetic_demo_calibrated_to_diagnostic_summaries,0.7530811600840627,1.1386131684969316,42.842953430841625,858.3469658344541,1290.6790520771945,True
hou_0069,houston,East_End,29.7403,-95.3124,35.33908179635937,39.60058179635937,10.191199948120088,8.509084992822416,40.43965690563354,29.10498218566759,65.35796773701205,705.614505059612,33.26611852558077,0.8020323853804036,0.16330652491672595,0.25237238129346873,0.2544738753621222,0.7082042925084617,0.2488122141961071,0.23901723567815947,1.7463714269531765,0.0,0.0,0.05089349281105189,synthetic_demo_calibrated_to_diagnostic_summaries,0.6911065060061231,1.0717269948973627,35.65219723932017,614.4443898295158,984.0476145734457,True
hou_0070,houston,East_End,29.7403,-95.31,35.022577949594144,39.28407794959414,9.353308688767498,8.88998431836847,40.2658050958961,29.254026832194842,67.96131781509081,790.532492945791,45.01457399126855,0.6872646442253908,0.0884912751702636,0.20583505645075328,0.3352679465156848,0.6244937893665817,0.268255094118223,0.29731962875763324,1.7932585064201454,0.0,0.0,0.36942768997457415,synthetic_demo_calibrated_to_diagnostic_summaries,0.5647067905750387,1.07437553159728,48.36255686149424,707.7949967092819,1072.6268541577192,True
hou_0071,houston,East_End,29.7403,-95.30760000000001,35.05417106821477,39.31567106821477,9.245876486782516,7.471478379344151,39.401985852519815,29.16389376366097,74.71110311088984,798.7592836739661,33.68065504012213,0.6757989755109226,0.124259947945588,0.21021199035760021,0.2455772640343206,0.708710292264131,0.30474962467698963,0.26248147190180793,2.2016152166208034,0.0,0.0,0.3536543452635712,synthetic_demo_calibrated_to_diagnostic_summaries,0.4936994193725786,1.0974426056381326,36.96258582683073,510.47402188009045,769.2073876387195,True
hou_0072,houston,East_End,29.7425,-95.3244,35.244961037425696,39.506461037425694,9.376410223751622,8.889089485176756,39.726950449597176,29.231847160445657,69.65194125721085,819.4925707525787,41.83412021391704,0.8298545663354217,0.2567576430540877,0.39176110916393503,0.3857241888852781,0.5599021222538499,0.36249125907247964,0.3217446657830112,2.1485841853540206,0.0,0.0,0.4550671824793859,synthetic_demo_calibrated_to_diagnostic_summaries,0.562092296091587,1.094447012094212,45.785227871711584,670.6079077615636,1087.9881836189963,True
hou_0073,houston,East_End,29.7425,-95.322,35.12706634882474,39.38856634882474,9.532706631374255,8.250753236190329,39.16982334104388,28.860337878285605,70.12178500491655,735.9152346482424,39.35455117790427,0.7109658007669667,0.14499846597545732,0.2529464180145974,0.3084227201118287,0.652739278164309,0.2589200114924156,0.2914857748018325,1.076644800320937,0.0,0.0,0.336333561943795,synthetic_demo_calibrated_to_diagnostic_summaries,0.5028029109435335,1.0338957721018194,40.6885040757999,582.8945284117077,893.7080847778926,True
hou_0074,houston,East_End,29.7425,-95.31960000000001,35.62565263723516,39.88715263723516,11.534963957843576,10.24876232213318,39.57754271810957,29.65393584084709,69.11077234024786,780.0045616709234,44.215365873139305,0.5911829669304893,0.1317103739266887,0.23122021574224583,0.28431383375873465,0.6729930910901656,0.2846205010073319,0.2380030035431342,1.9568551150750968,0.0,0.0,0.4092723827217253,synthetic_demo_calibrated_to_diagnostic_summaries,0.7055218561286452,1.0836167047931895,47.91250906867646,942.5891699679536,1360.5211665416052,False
hou_0075,houston,East_End,29.7425,-95.3172,35.340145681624975,39.60164568162497,10.050889093447658,8.08309471024486,40.2271818644858,29.012680993216527,68.43320831255929,780.3440131569631,33.60364994697382,0.7303607953075514,0.24426002385989307,0.34017182548578295,0.27403371893111395,0.6801953433136235,0.3051395850350837,0.2994398015829792,0.7117853774025625,0.0,0.0,0.3171695157197678,synthetic_demo_calibrated_to_diagnostic_summaries,0.6713878235684732,1.0132857536725268,34.05009976266713,572.0053665808367,885.3330874229622,True
hou_0076,houston,East_End,29.7425,-95.3148,35.25641832506642,39.51791832506642,9.882198864455317,9.500971496705032,39.88179307247535,29.481932807617902,67.04428897372202,842.4319086429268,37.162797718431385,0.6362864570701845,0.2562258848464655,0.3158842302945233,0.17045241556587934,0.7843525069551639,0.3013005165263784,0.278717185302997,0.46849952188477495,0.0,0.0,0.22372643465170527,synthetic_demo_calibrated_to_diagnostic_summaries,0.6434693806572158,1.0,37.162797718431385,603.5643887499153,891.5942736484767,True
hou_0077,houston,East_End,29.7425,-95.3124,35.3179587987721,39.5794587987721,9.426725734996058,9.102692361999203,40.0317351998019,29.32643350832031,69.47213359574972,763.0928853554229,35.925662673233944,0.6956129820250695,0.15052772600939718,0.23381262085865373,0.23795684242644732,0.7156259975378327,0.3094477335714664,0.26336687187545466,2.2074509151370982,0.0,0.0,0.16245846959145832,synthetic_demo_calibrated_to_diagnostic_summaries,0.6044629987772533,1.0977722500063842,39.4381955457664,596.4961073094103,907.6939342882938,True
hou_0078,houston,East_End,29.7425,-95.31,34.945719978625675,39.20721997862567,9.052765876761125,8.01514612377759,39.395162735198966,29.803320150293665,67.06091251358646,823.0931261724817,40.903247573134706,0.6141060287656088,0.07329610760497332,0.17797616250496706,0.2990858711428393,0.6543209435052504,0.3106212356794022,0.2816582615504481,0.22082275237469529,0.0,0.0,0.13254370158693127,synthetic_demo_calibrated_to_diagnostic_summaries,0.4921249341938129,1.0,40.903247573134706,552.5152472004237,806.9924554184493,True
hou_0079,houston,East_End,29.7425,-95.30760000000001,35.253283738032444,39.51478373803244,9.164801457207101,8.423882938076968,40.25422515587695,29.88213445404592,68.91502321136939,692.5312963193373,47.60893651321045,0.802398957039499,0.10065816348583065,0.1696025524341303,0.1969839684237133,0.7593437403460591,0.2911486082015172,0.3142969679413986,0.0,0.0,0.0,0.07783557441643582,synthetic_demo_calibrated_to_diagnostic_summaries,0.612799995081601,1.0,47.60893651321045,703.7072975951089,1127.1977988336587,True
hou_0080,houston,East_End,29.7447,-95.3244,35.1327196959644,39.394219695964395,9.349203338379933,8.800204512200855,38.87420071463801,29.862034715934964,71.13602066867597,747.857048246138,32.27697190633036,0.8022493413126163,0.12262948160836824,0.18259156413376504,0.17132023578684796,0.7811482452650054,0.31687679298764454,0.2836786316476684,1.8122299588945716,0.0,0.0,0.32634716004275865,synthetic_demo_calibrated_to_diagnostic_summaries,0.5198064526909936,1.0754471826512693,34.712178501177156,493.22463484760516,789.9914886668404,True
hou_0081,houston,East_End,29.7447,-95.322,35.108705462465075,39.37020546246507,8.754637034386953,8.292139359840666,38.97175845947033,28.796462108112113,66.83152441295749,685.5949880261821,31.800102942161075,0.7648433971028346,0.17376875110929552,0.27513766350684343,0.28962546399299405,0.6590328919361255,0.34227762713920334,0.2806763271660321,1.0590206652096659,0.0,1.0,0.1875626445098886,synthetic_demo_calibrated_to_diagnostic_summaries,0.39828176604078797,1.1129002277177982,35.39034180578049,433.2290761103079,681.7433748322557,True
hou_0082,houston,East_End,29.7447,-95.31960000000001,35.219482910915445,39.48098291091544,10.054894788131532,8.842613940940959,39.892615501151305,29.198092031949965,67.656298748242,668.5174456817743,38.659783528815204,0.7243217389066927,0.1450238918004321,0.20083585438304907,0.15946275023604856,0.7806158622129414,0.39947591700673335,0.30454400186189867,2.769634204977316,0.0,0.0,0.2210877663542652,synthetic_demo_calibrated_to_diagnostic_summaries,0.6413545710785674,1.1295286121460002,43.667331635167436,720.6702495424173,1112.1680957875801,True
hou_0083,houston,East_End,29.7447,-95.3172,35.4109463620215,39.672446362021496,10.478753215286847,10.378511114424578,40.39270442047274,29.4486751394219,69.16054922450155,857.127383784379,38.34531019305812,0.7377860596331374,0.13029681644626312,0.25216488300407225,0.3481944758794546,0.6132939367400693,0.2567439158698407,0.2941906917979356,3.3362949882063395,0.0,1.0,0.20395682657915143,synthetic_demo_calibrated_to_diagnostic_summaries,0.7178456779960711,1.2415378969606625,47.607155775393636,856.9707421321572,1331.1665424260843,True
hou_0084,houston,East_End,29.7447,-95.3148,35.305748719035385,39.56724871903538,10.62379290681579,9.949342605177167,39.53205102733431,29.37628867798487,73.72751757990495,803.5944639624934,61.50477158229371,0.5295609436554066,0.1310817412673772,0.23208074373157406,0.28856857846913386,0.6668629808409898,0.2971229379325087,0.254419175685223,1.0504698571166178,0.0,0.0,0.2652904286451027,synthetic_demo_calibrated_to_diagnostic_summaries,0.6395303458156455,1.032417213435274,63.498584889964704,1106.0203110772163,1545.299180804289,False
hou_0085,houston,East_End,29.7447,-95.3124,35.07785519450141,39.33935519450141,9.248228482516216,8.833059176103506,39.494168237794845,29.368975639485555,73.68368106328478,780.5747888236033,28.33888223011361,0.8578131395522374,0.07925634933633834,0.15101663539214277,0.2050293887308698,0.7568133662498975,0.25438163346155146,0.2947735736531112,2.295546473094762,0.0,1.0,0.3813962851616669,synthetic_demo_calibrated_to_diagnostic_summaries,0.5152711758430254,1.1827485530946356,33.517771953986156,469.7037791732526,771.8923342773714,True
hou_0086,houston,East_End,29.7447,-95.31,34.85938865409139,39.12088865409139,9.793208750117635,9.384439503243968,39.622198465009056,28.16484457657816,71.60355499338367,757.5657933536489,32.1551571569553,0.6029363095570826,0.23837191266697705,0.34033249388026154,0.2913159463236701,0.666030407766242,0.284357639400586,0.2701140687994504,1.0035741803359794,0.0,0.0,0.3576325396160374,synthetic_demo_calibrated_to_diagnostic_summaries,0.4833584783946016,1.0297681910940877,33.11235801986396,481.017901486566,698.5352702514678,True
hou_0087,houston,East_End,29.7447,-95.30760000000001,34.75417146246224,39.01567146246224,8.43985655457822,7.850500894341525,39.33169091987015,29.157476563976306,76.99172996383153,781.619279870871,41.61894359142698,0.6835143603517854,0.23048706918219822,0.33646084925280295,0.3027822287731563,0.6552693116764023,0.27965639700294226,0.23615744665327087,1.1920652464074302,0.0,0.0,0.5278517411309794,synthetic_demo_calibrated_to_diagnostic_summaries,0.35645331529170826,1.0404155914391755,43.30099781174818,495.72157501481206,749.8461864589336,True
hou_0088,houston,East_End,29.7469,-95.3244,35.29944114111035,39.56094114111035,9.51319317144029,8.274627352950102,39.91548656171118,29.255785001157314,70.82347958962623,771.6195461128309,42.594430414647896,0.8067642322896587,0.19072290624612692,0.28004654875430146,0.255210407166213,0.6970571621214315,0.3182162047490361,0.24404738386649927,1.981030738074871,0.0,0.0,0.2512134508537859,synthetic_demo_calibrated_to_diagnostic_summaries,0.5992400976094086,1.0849823267403482,46.21420421746453,703.0973561541548,1128.5227052261014,True
hou_0089,houston,East_End,29.7469,-95.322,35.11532525865505,39.376825258655046,9.095887763774282,7.423570449300357,39.79574646769114,28.48691547240957,68.91669447174523,767.0105719824231,29.631741559963196,0.7776685861256348,0.17896891962577932,0.29779949130268235,0.33951591907686574,0.6098604132722042,0.33749111767286727,0.27287373080358424,1.6990245055113093,0.0,0.0,0.2706596217326064,synthetic_demo_calibrated_to_diagnostic_summaries,0.4752091992346831,1.069052482846442,31.67788688574276,425.06457132118175,672.9840944647636,True
hou_0090,houston,East_End,29.7469,-95.31960000000001,35.095163611618865,39.35666361161886,9.235458436812308,9.068915569652324,39.639088792550574,29.423115003496793,68.09046753545495,814.6764081969595,37.592234310247136,0.7080282125536279,0.1285100123072026,0.21965903423531602,0.26042577693746694,0.6976510893538806,0.27948755805768283,0.23782860551271212,1.8588714218535647,2.0,0.0,0.3773129825523535,synthetic_demo_calibrated_to_diagnostic_summaries,0.5293662393094283,1.238081845074032,46.54226281528611,657.3814595459651,1006.4649243721336,True
hou_0091,houston,East_End,29.7469,-95.3172,35.149838617925724,39.41133861792572,9.43601647555477,7.948022218596342,39.795408216036144,29.502908313055777,68.18849062841652,769.986949785628,25.351625457186152,0.5964575457422844,0.19519981014905502,0.3008711393024723,0.30191808329547787,0.6565937083149409,0.2765880559305415,0.2668462262664717,2.31688060345599,0.0,0.0,0.38282074460585763,synthetic_demo_calibrated_to_diagnostic_summaries,0.5744285823047721,1.1039536660567755,27.98701986395893,415.7845159450012,601.7828748986506,False
hou_0092,houston,East_End,29.7469,-95.3148,35.02042562822988,39.28192562822988,10.0063248948457,8.337534603458574,39.83319466665824,28.931214562709705,69.10219882588608,786.9750905412376,32.63029577845625,0.6832287528926195,0.1479484753385581,0.21731176769369398,0.19818083530038827,0.7561410798075586,0.3045205659470208,0.26603424659467706,0.5778402543518408,0.0,0.0,0.24510014776091302,synthetic_demo_calibrated_to_diagnostic_summaries,0.5878315794396153,1.0057195205394802,32.81692542537045,521.4070813479319,788.5873138019781,True
hou_0093,houston,East_End,29.7469,-95.3124,34.891776474885745,39.15327647488574,8.706982735840535,7.835549021590245,40.63387069576102,28.710420639775652,71.7608536305785,724.7849189810029,31.028211407397905,0.723641223605376,0.20411338928243333,0.2941710693516282,0.2573076573405567,0.7065572717655765,0.24090047262577868,0.2331211978178812,2.581196693946943,0.0,0.0,0.3467797203592256,synthetic_demo_calibrated_to_diagnostic_summaries,0.46955416043818404,1.118884236994492,34.7169766458702,444.21700252077596,685.307303958611,True
hou_0094,houston,East_End,29.7469,-95.31,35.00526463743167,39.26676463743167,9.13024502436516,7.3243457812623225,40.41949787021079,28.23899537947136,71.81162818239476,856.5950925023434,33.351935078826706,0.6955887729621449,0.18735308000890658,0.2472837498646728,0.17123048530218923,0.7870605908000816,0.27805949265152763,0.22300531892687722,1.9748798341447649,0.0,0.0,0.5129850920969649,synthetic_demo_calibrated_to_diagnostic_summaries,0.4912875347248618,1.0846348771874703,36.174672008187684,492.547844103746,749.5059069827018,True
hou_0095,houston,East_End,29.7469,-95.30760000000001,34.839475289901074,39.10097528990107,8.730186046729745,7.874849675002812,39.207426238355765,27.96302621585235,69.2675219695736,719.6163328681724,32.150386342645575,0.7756556022849777,0.23230944936640216,0.3309292663848339,0.28177090576694774,0.6634515991637668,0.36518330046190284,0.20792686046001901,2.1977127832199765,0.0,0.0,0.5089587583526551,synthetic_demo_calibrated_to_diagnostic_summaries,0.3353240450061684,1.0972221666984805,35.276116563070815,411.23582109136584,650.4688474587014,True
hou_0096,houston,East_End,29.749100000000002,-95.3244,35.09819488728911,39.35969488728911,8.591599908359141,8.306288385337947,40.23440268641231,29.299731991968066,69.63343955537832,714.0762763820547,39.38448316811918,0.775422853153082,0.23670163590721566,0.33985550266325376,0.2947253335886803,0.661905811343766,0.2891257004503579,0.27259442592545174,1.9865086543970023,0.0,0.0,0.40224016717558186,synthetic_demo_calibrated_to_diagnostic_summaries,0.4933832346780448,1.0852917608655523,42.743655088307776,548.424657744541,867.3704173803719,True
hou_0097,houston,East_End,29.749100000000002,-95.322,35.049429612851384,39.31092961285138,9.035144837910021,6.779789148348824,39.87433375602183,29.599914672161376,68.53653806931592,741.0697968047286,32.72635418443254,0.6070678617842379,0.08554265712103973,0.18490268926845693,0.2838858061354777,0.67208819333215,0.2935066702158156,0.27365761950658557,0.0,2.0,0.0,0.290226571933651,synthetic_demo_calibrated_to_diagnostic_summaries,0.5267811553521954,1.16,37.96257085394174,523.6818538024419,762.1146712347326,True
hou_0098,houston,East_End,29.749100000000002,-95.31960000000001,35.13715865621139,39.39865865621139,9.286824036423239,7.705426169912217,39.851918092906516,30.355436246094428,65.0956932930122,680.0521211347728,34.60245896704328,0.7149254928834265,0.25651598203088505,0.35023635094609096,0.26777248261487396,0.6992938924159552,0.21955749979447226,0.26875785484961445,1.2837615963296007,0.0,0.0,0.6741046717084072,synthetic_demo_calibrated_to_diagnostic_summaries,0.6080888056504623,1.0455952944784406,36.18016827332378,540.3159996279594,830.0302613880746,True
hou_0099,houston,East_End,29.749100000000002,-95.3172,35.0176363524093,39.279136352409296,8.78955609095867,8.706977860672707,38.686474174960715,28.669405570557398,74.07751010213553,754.0185526759726,38.672176569922335,0.7932990709445675,0.1524147407783528,0.2743879215904725,0.348494802320342,0.6099761162187176,0.2768605430729359,0.23412410289281677,1.6111154217802697,0.0,0.0,0.2517380600514157,synthetic_demo_calibrated_to_diagnostic_summaries,0.3620243454713444,1.0640867132321974,41.15054925982385,492.6374785729784,785.744119121292,True
hou_0100,houston,East_End,29.749100000000002,-95.3148,35.00892178125522,39.270421781255216,8.684171287083252,7.085627337949286,40.189895055977736,29.289804738764207,67.42457908464195,786.4001586321156,35.9498505759527,0.7361067608345199,0.21036937622610327,0.3004964825448079,0.25750601805344175,0.69628435101114,0.30806420623612196,0.29590942636065076,1.3615830430677507,0.0,0.0,0.23543846613189848,synthetic_demo_calibrated_to_diagnostic_summaries,0.4866734212303699,1.0499912380959535,37.747028115609105,487.3340119888338,756.3814077460274,True
hou_0101,houston,East_End,29.749100000000002,-95.3124,34.85024027747762,39.111740277477615,8.871069118422831,8.484182472879626,39.801300565584675,29.219626431682318,67.14675301975097,733.2685585512792,38.1208875241668,0.7218023113767775,0.11662058806149293,0.22442666704089206,0.30801736851256895,0.6588973553847628,0.22056850735112188,0.2866104279578923,0.6331015338512154,0.0,0.0,0.14982802858623387,synthetic_demo_calibrated_to_diagnostic_summaries,0.45312017521876746,1.008841095363555,38.45791792611131,495.75061757021246,764.1260737916957,True
hou_0102,houston,East_End,29.749100000000002,-95.31,34.7666364377272,39.0281364377272,8.770862124128785,7.274720166479589,39.3215905216141,28.231253351159555,70.3003024945531,750.1763651521767,34.71623959284813,0.6828664292411908,0.13350424544323908,0.24351187548207176,0.3143075143966648,0.6520582167859317,0.22422845878268982,0.2680149426789137,2.6326041247059884,0.0,0.0,0.24921843016718828,synthetic_demo_calibrated_to_diagnostic_summaries,0.3415779133101913,1.1217881173078244,38.94426505286846,458.24917965836636,692.9414154203765,True
hou_0103,houston,East_End,29.749100000000002,-95.30760000000001,34.75652488798566,39.01802488798566,8.827668085479303,7.561083720993972,39.05172538323232,28.16561530260084,65.0974953501264,806.7108040608564,44.29941540278358,0.7312907045330345,0.1628755577817434,0.2413345878415673,0.2241686573137826,0.733286771076254,0.2836304773997564,0.20943506120455746,1.2657866944658571,0.0,0.0,0.1987614353948263,synthetic_demo_calibrated_to_diagnostic_summaries,0.32417290940973675,1.0445799361365529,46.2742805123263,540.9166742310694,837.5921760751478,True
hou_0104,houston,East_End,29.7513,-95.3244,34.66837553576041,38.92987553576041,7.700378508254029,5.96740772377398,39.24104918666587,29.061771709209523,75.08616391130155,852.1510423148295,50.704857301864365,0.756008064090256,0.16255102571105992,0.23883875114698408,0.21796492981692617,0.7422278475992395,0.2653814838922286,0.3248033513129619,2.0100070917543555,0.0,0.0,0.2896617400411007,synthetic_demo_calibrated_to_diagnostic_summaries,0.2517040297063363,1.086619130248316,55.09686794071683,531.056385328066,832.1685676740461,True
hou_0105,houston,East_End,29.7513,-95.322,34.85678759644861,39.11828759644861,8.488179925343974,8.013843231058475,39.08090629478158,28.67040206620756,64.41777015322484,905.3584793419363,43.41853976625393,0.5835108575348628,0.11825452500291653,0.2128983563071674,0.27041094658357395,0.6862111944101326,0.2891857267086232,0.24790527603808635,2.1372733689309795,0.0,0.0,0.09805903321540335,synthetic_demo_calibrated_to_diagnostic_summaries,0.33239718996650325,1.0938080916764124,47.491550125102634,537.111721387808,772.1696122420775,False
hou_0106,houston,East_End,29.7513,-95.31960000000001,35.14661560507096,39.40811560507096,10.19471355705127,8.130873957385154,40.048993147302255,29.190738202339617,75.69455951583942,639.9283919459705,35.80377189272964,0.5644804804006277,0.10148726675259481,0.21094807456369036,0.31274516517455875,0.6406284952442426,0.3108422638746576,0.28388417619108414,2.2521001126947313,0.0,0.0,0.3171813725657336,synthetic_demo_calibrated_to_diagnostic_summaries,0.640836688723778,1.1002943742183764,39.39468878936846,658.9888402082497,937.9785930328037,False
hou_0107,houston,East_End,29.7513,-95.3172,35.049215525894056,39.310715525894054,9.222434696710382,8.673508551984236,38.504048986296645,28.91196495039814,70.918695163383,794.0118268133212,39.15137025246688,0.6298176722948103,0.13690309951534269,0.23859797921884335,0.29055679915285904,0.6648572362312689,0.2972397641058137,0.3105156814290827,2.2644157740077895,0.0,0.0,0.24726135874151942,synthetic_demo_calibrated_to_diagnostic_summaries,0.41501236437122796,1.1009900558718768,43.10526932172405,562.5176922131412,828.2303798638882,True
hou_0108,houston,East_End,29.7513,-95.3148,35.225436174169836,39.486936174169834,9.980343537294129,9.36081874710517,39.30869084174662,28.857251581097554,70.50982399798544,613.6007926676457,35.16551781763013,0.589514853699225,0.10397915159415404,0.20671658193415904,0.2935355152571572,0.6618336989375109,0.2975385720355463,0.2984661834929817,1.3774356733822803,0.0,0.0,0.3639284129633777,synthetic_demo_calibrated_to_diagnostic_summaries,0.5753736583736903,1.0508867144970337,36.95497548295623,581.0345913366052,837.9309829160961,False
hou_0109,houston,East_End,29.7513,-95.3124,34.93795164805928,39.19945164805928,9.154231200443647,8.685721786115236,39.36558330118179,29.22682680402691,67.85284291207914,836.0254568949417,36.87600689711793,0.6707423310249429,0.1376728405305162,0.22178258990019595,0.24031356962765643,0.7189340443211981,0.27168257367430293,0.23746814150106454,2.2058048209974297,0.0,0.0,0.270927231843107,synthetic_demo_calibrated_to_diagnostic_summaries,0.4675997429710374,1.09767926616542,40.47802818993938,543.8120822360387,817.3804199949351,True
hou_0110,houston,East_End,29.7513,-95.31,34.749405801012244,39.01090580101224,7.350576369180343,5.980811684757739,38.44594208344475,29.416377042208143,65.21485687944158,912.1509196911913,34.85320944124046,0.8997211259602211,0.16146501788466056,0.2672144324185907,0.3021411843826576,0.6554414233668846,0.28278261500305213,0.2600680225371567,0.7841235527588666,0.0,0.0,0.11961756535308586,synthetic_demo_calibrated_to_diagnostic_summaries,0.19130283355781744,1.0173719606705802,35.45867802489718,310.5032204992877,520.0279508707081,True
hou_0111,houston,East_End,29.7513,-95.30760000000001,34.79244282070917,39.05394282070917,7.949218290574102,6.871288796132355,39.4279965214233,28.340297874707165,68.89857573209872,781.3949828396865,26.452383623262705,0.7175801056932023,0.12611784114739066,0.24404740591335727,0.33694161361704744,0.6250117545793724,0.25364421202386783,0.28369499353183714,0.0,0.0,1.0,0.30470524733017523,synthetic_demo_calibrated_to_diagnostic_summaries,0.2693265156818146,1.08,28.568574313123722,288.261301671663,443.39923316227197,True
hou_0112,houston,East_End,29.753500000000003,-95.3244,34.900368713985806,39.161868713985804,8.900192445220005,7.167717655538408,39.359949530912445,28.6004193044147,72.17586856777157,624.9092523132215,32.96053214336192,0.6974447211668038,0.13465361269614,0.25498987409974905,0.34381788972459726,0.6091557115899872,0.3135093245694374,0.27388011392636824,1.070204070277667,0.0,0.0,0.08478383675616757,synthetic_demo_calibrated_to_diagnostic_summaries,0.3987915901443301,1.0335319509790752,34.06576309143736,424.1022062134468,645.9430899325196,True
hou_0113,houston,East_End,29.753500000000003,-95.322,34.81344112102436,39.07494112102436,8.1646381661502,6.642397151657701,39.65343458567518,29.002898193844622,67.34089805550833,754.7888966488906,34.025587163163095,0.8349842804344155,0.18269378299155062,0.2697238804803125,0.24865742139646257,0.6981345076646901,0.35472047292564896,0.25402620957260513,0.5964050573374724,0.0,0.0,0.3831956917430238,synthetic_demo_calibrated_to_diagnostic_summaries,0.3485045831823336,1.0067682009561996,34.255879174736066,377.1590105769391,613.3503943688954,True
hou_0114,houston,East_End,29.753500000000003,-95.31960000000001,34.93815401481586,39.199654014815856,8.806449551879881,8.224846066155942,39.46400350221091,28.598393020199012,74.40415234716316,917.4898829701326,42.15987933756848,0.5612234840650967,0.05246307843272374,0.15418427935906984,0.29063200264670314,0.6587757382829806,0.33728172713544163,0.2665468997703997,2.03732767792241,1.0,0.0,0.4506508160874804,synthetic_demo_calibrated_to_diagnostic_summaries,0.40115322208258464,1.2481624034901546,52.622376324834384,649.3172452799319,922.6263102745976,False
hou_0115,houston,East_End,29.753500000000003,-95.3172,34.98055639250502,39.24205639250502,9.770073077004563,8.876266936004082,38.89227465106514,28.782955580818243,67.45828222962892,813.7595655213892,35.92151589751483,0.6622891741332401,0.13391296300482677,0.22012092459440824,0.24630846168451845,0.7028830199834513,0.33872345554686867,0.2843453688527433,1.8668744988047583,0.0,0.0,0.09623759092634762,synthetic_demo_calibrated_to_diagnostic_summaries,0.48371170195142627,1.0785339193609886,38.74257333033473,561.611248645611,840.5730361826905,True
hou_0116,houston,East_End,29.753500000000003,-95.3148,35.00155354390986,39.263053543909855,8.891266705812342,8.415659343603636,38.95029233168624,29.0683338924605,73.12844330032732,787.0978809208161,31.05556934667886,0.9192401538201853,0.06855214203737454,0.1663254105681049,0.2793521958020868,0.6833903237992134,0.24838320265799868,0.28569157337475065,2.1911636370366314,0.0,0.0,0.47832633321951623,synthetic_demo_calibrated_to_diagnostic_summaries,0.4111382276770787,1.0968522214125531,34.063370225136296,427.38650953807786,722.039640114419,True
hou_0117,houston,East_End,29.753500000000003,-95.3124,34.845661592838425,39.10716159283842,8.23147783933766,7.497309092522364,38.88023305818584,28.736528771746016,66.67328994126935,699.8410617968253,35.369382400169656,0.9101044306045866,0.22057089934364066,0.32981205883377757,0.3121175985432483,0.64206805183567,0.3054289974738783,0.23427222026787395,0.0,0.0,0.0,0.08212950070871367,synthetic_demo_calibrated_to_diagnostic_summaries,0.2928364974427876,1.0,35.369382400169656,376.39937512304095,633.3214293552489,True
hou_0118,houston,East_End,29.753500000000003,-95.31,34.93643026295338,39.19793026295338,8.153086671432977,7.696097391894656,39.954960399761056,28.95131086966968,69.62757818351449,751.6710125729271,25.90741303233918,0.6413289789732606,0.13727538968719466,0.26139094777075755,0.35461588023875107,0.595416982968572,0.33311424528451267,0.2663693863730165,2.2050577642799154,0.0,0.0,0.472809117708434,synthetic_demo_calibrated_to_diagnostic_summaries,0.3830894588229945,1.0976370667545003,28.436936848014092,320.6676462469584,474.9077368649488,True
hou_0119,houston,East_End,29.753500000000003,-95.30760000000001,34.69183614401285,38.95333614401285,8.893331451142885,8.493416903194975,39.087792033076205,28.532648815228153,70.05922661049107,802.622680267494,36.40318280822721,0.6820994861535226,0.12945546240656403,0.23064904781533652,0.28912452973935004,0.6551023576617202,0.3718207506595316,0.2626261362057789,0.8931902906372566,0.0,0.0,0.08719784826336374,synthetic_demo_calibrated_to_diagnostic_summaries,0.3448524359977475,1.0235328745363004,37.25985434197523,445.63599794899665,673.6120618583888,True
hou_0120,houston,East_End,29.7557,-95.3244,34.96259322581662,39.22409322581662,8.765480877488482,7.439854285117452,39.51661434256511,29.031891931850698,71.736463213584,820.0612783593057,21.165705298192915,0.8343015035834895,0.11838974929060403,0.20485067530462758,0.2470312171829245,0.7198851580164408,0.22055749867089786,0.23734052939561004,1.036570385015476,0.0,0.0,0.15652395661097107,synthetic_demo_calibrated_to_diagnostic_summaries,0.4282613233276266,1.0316320661753495,21.8352202888333,273.36379831507423,444.4146692847444,True
hou_0121,houston,East_End,29.7557,-95.322,34.71469086522158,38.976190865221575,8.261386514755682,8.039789300384662,39.71611955974685,28.73528542811374,70.48145860506138,805.0258794038901,48.75714335215145,0.66268157340923,0.08758181479934979,0.18759913188417401,0.2857637630994978,0.6727272090887648,0.2767268520782493,0.26209496027994045,0.12629897614886465,0.0,1.0,0.2506352669969936,synthetic_demo_calibrated_to_diagnostic_summaries,0.3336743592376948,1.08,52.65771482032357,580.1826685307,868.5399412657174,True
hou_0122,houston,East_End,29.7557,-95.31960000000001,35.089100484552866,39.350600484552864,9.280933699523217,7.284491694306131,39.93804693772514,29.35508880086043,69.01409193045004,798.9460550389934,40.60094995593592,0.7164218757827103,0.1469863732237678,0.2340384179022133,0.2487201276527014,0.7031220226313409,0.3210523314397176,0.26255283396119194,1.7229059334657064,0.0,0.0,0.17727276512932455,synthetic_demo_calibrated_to_diagnostic_summaries,0.5499865688241424,1.0704014864334155,43.45931718344252,625.1762968081042,961.093778248717,True
hou_0123,houston,East_End,29.7557,-95.3172,35.003169528073116,39.264669528073114,9.492084958815614,9.08731815024895,40.00632713659757,28.744522048675123,72.0332476081294,809.2653275296611,35.68649192351996,0.645344392215123,0.10642813157987298,0.19876684344472623,0.26382489104243784,0.6894170690809994,0.31172026584375156,0.23693243071921488,1.8607044885243602,0.0,0.0,0.17041488824336845,synthetic_demo_calibrated_to_diagnostic_summaries,0.5306093397064193,1.078185390537008,38.47665423145615,559.0147617552109,829.5825430033595,True
hou_0124,houston,East_End,29.7557,-95.3148,35.017908350438994,39.27940835043899,8.348389790183216,7.881525407808853,39.802402773721774,28.71973793486534,70.25072127310503,752.619812820035,40.51485675578596,0.5666409326493196,0.14555588911793121,0.2316330276388382,0.24593468148830563,0.7048240808928773,0.3282749174587805,0.24104362747365884,2.329867909144008,0.0,0.0,0.3341758803112699,synthetic_demo_calibrated_to_diagnostic_summaries,0.39297248986536004,1.1046872872619944,44.756247203357475,520.4738589406438,741.6652035779315,False
hou_0125,houston,East_End,29.7557,-95.3124,34.965035807095454,39.22653580709545,9.37687263202661,8.574808558192657,39.23154070950879,29.140130756089583,74.28918598772408,708.8370567920537,32.91274791440242,0.7872258341970337,0.08885671735870103,0.21316199550783033,0.3551579375689409,0.6003371834842316,0.29669919297885006,0.2681943900877811,0.3191487092636509,1.0,0.0,0.2635810885710773,synthetic_demo_calibrated_to_diagnostic_summaries,0.48182636791237565,1.16,38.17878758070681,530.490325397638,843.7020921060966,True
hou_0126,houston,East_End,29.7557,-95.31,34.813811348498476,39.075311348498474,7.861749949975198,7.34175913800099,39.50295085273881,29.541937753604262,70.50916593337632,852.7159085394985,38.9753503315181,0.7555447300191527,0.1507154838427012,0.24205774117819992,0.2609778781014249,0.6933655552778314,0.30437711080495783,0.27104421036074966,2.7812642887013848,0.0,0.0,0.2149770762852904,synthetic_demo_calibrated_to_diagnostic_summaries,0.3356214229099498,1.130185567194523,44.049378421032024,462.53264211255623,724.6307172700386,True
hou_0127,houston,East_End,29.7557,-95.30760000000001,34.71093896257086,38.972438962570855,8.065507839705143,6.525787220304915,38.67331860977214,28.890820783861518,66.88665618974066,761.9840543587264,37.420714962701894,0.8073509247353857,0.19506101842822168,0.3050266681702188,0.31418757069142034,0.6505756956159666,0.23491155795075377,0.2685558402883344,0.7100644143305467,0.0,0.0,0.31025652536214127,synthetic_demo_calibrated_to_diagnostic_summaries,0.24941662822429198,1.013188540668278,37.91423958382352,382.06860206279896,613.4161814536167,True
hou_0128,houston,Gulfton,29.7083,-95.49239999999999,36.344823678380465,40.633323678380464,7.152056092731551,6.056523089937458,40.43471723358073,30.182535037039656,66.77940483151535,821.9869038139369,66.07563651630686,0.9235697152960196,0.10589005862695422,0.21012739940172231,0.2978209736421946,0.6409237381797814,0.4083685878534931,0.1519623406589889,2.9235683675206756,0.0,0.0,0.4728838212974106,synthetic_demo_calibrated_to_diagnostic_summaries,0.5841976920507902,1.1382239773404634,75.20887380089356,852.1369033820929,1442.3927813194664,True
hou_0129,houston,Gulfton,29.7083,-95.49,36.311808988676106,40.600308988676105,6.953229248277056,6.790096993371731,40.36529139448994,29.814575025120615,65.32151626878999,700.1732985912178,91.7393563752071,0.7224460595331959,0.08952591022492577,0.17286926541560377,0.2381238719733657,0.698160200389429,0.42477285091470157,0.17963001378517723,0.924032784058179,0.0,0.0,0.3021315476667121,synthetic_demo_calibrated_to_diagnostic_summaries,0.5322529101142939,1.0252750917242959,94.05807702231832,1002.1046992716939,1545.079642693094,True
hou_0130,houston,Gulfton,29.7083,-95.4876,36.465136141343436,40.753636141343435,7.251513363937382,7.119544538497689,40.46214890472325,30.86442990172805,69.50150601394549,718.8322068977126,91.35432275226682,0.7615222544242545,0.09568270904802793,0.16134718940889214,0.1876128010310406,0.7642992051758857,0.32058662528715814,0.20602018747573364,1.5905522151880211,0.0,1.0,0.21610705972216518,synthetic_demo_calibrated_to_diagnostic_summaries,0.6358555434915887,1.1429251478724713,104.41115284042404,1238.5698179547348,1945.9686779777812,True
hou_0131,houston,Gulfton,29.7083,-95.48519999999999,36.39925555597365,40.68775555597365,7.088207974426907,6.75621278918849,40.137286253876525,30.34035963969244,63.604619638650604,712.3128716946403,55.09146133608595,0.6743515032283878,0.11193516968325079,0.16089793177247477,0.1398936059692114,0.8054059238674651,0.3646698010888232,0.2276751594444687,1.1423924031386021,1.0,0.0,0.20948648697684777,synthetic_demo_calibrated_to_diagnostic_summaries,0.5692834027607673,1.197609693740228,65.97806813841152,733.9009135270293,1105.0813017202588,True
hou_0132,houston,Gulfton,29.7083,-95.4828,36.37621732310646,40.66471732310646,7.203398795539726,5.915861630295243,40.11043909221006,30.016113141150655,66.10220693313234,843.3643118362613,63.20345125753089,0.6819075248072218,0.07337798299705373,0.15453654719004495,0.23188161197997498,0.7071496880966787,0.40645799948897576,0.25301700127303567,3.015396414264147,0.0,0.0,0.33132835740519023,synthetic_demo_calibrated_to_diagnostic_summaries,0.5617664579321544,1.1434111196117822,72.2675289657021,813.0116247690635,1228.810683283391,True
hou_0133,houston,Gulfton,29.7083,-95.48039999999999,36.30759183950264,40.59609183950264,6.854294148815854,6.846092584511929,41.813856376634234,30.116550153265365,67.26424265439886,746.1997850766297,58.890030429623124,0.8300812731213975,0.0962907140319739,0.18407684143855202,0.2508175068759375,0.6910989393869259,0.3872236915809107,0.23893961081468665,3.16366378573849,0.0,1.0,0.14592945588455536,synthetic_demo_calibrated_to_diagnostic_summaries,0.6036195235696018,1.2317863816075034,72.53993749566123,797.3357741754322,1293.7258950750156,True
hou_0134,houston,Gulfton,29.7083,-95.478,36.330921926834286,40.619421926834285,7.069141650695649,5.478123692446472,40.58344559488168,30.766959420306232,70.37815912028418,734.0728625981731,67.12612480954047,0.8259079546923209,0.11813314299311187,0.20781416953907658,0.25623150441704207,0.6902447035766772,0.3568252800418714,0.1773210741767671,1.799079039721037,0.0,0.0,0.24792536754810532,synthetic_demo_calibrated_to_diagnostic_summaries,0.6161116911808021,1.0747043193195214,72.14073627199443,824.1734624192776,1334.692026413073,True
hou_0135,houston,Gulfton,29.7083,-95.4756,36.27669040761711,40.56519040761711,6.8688792802403436,6.067059140390933,40.51315230393106,30.22928123496487,68.77015688100819,722.4201048138175,58.782042596322775,0.6777048535980406,0.05791999523633875,0.13911159075895718,0.23197598720748122,0.7133412298548237,0.36455188625130036,0.1803075866433358,0.48320495161951715,1.0,0.0,0.2737115078370747,synthetic_demo_calibrated_to_diagnostic_summaries,0.5512753262253068,1.1603738032279356,68.20914232900157,726.8040812311918,1096.2230713301242,True
hou_0136,houston,Gulfton,29.7105,-95.49239999999999,36.32753886629593,40.61603886629593,7.046782243640705,5.295049722168272,40.80922606772123,29.806220799542707,72.06655543896423,822.90288064663,54.864210120007385,0.781870154113153,0.1270918666094139,0.22445099522008988,0.27816893888764566,0.6652921173376205,0.37692629183155896,0.23133709644699835,2.903843444474881,0.0,0.0,0.46387033054888105,synthetic_demo_calibrated_to_diagnostic_summaries,0.574570437706085,1.137109764572602,62.38662905302337,692.220512696922,1098.1404319038932,True
hou_0137,houston,Gulfton,29.7105,-95.49,36.39741454885895,40.685914548858946,7.293418960972944,6.338979210982244,40.93341286560234,30.96370931002927,70.09124183195229,868.7727496223555,43.71806073320322,0.7417337005782333,0.02668317179444614,0.08126833456827934,0.15595760792523775,0.7950660910910722,0.32650867322460053,0.1883989783222277,2.1528628006819988,0.0,0.0,0.1888290738244453,synthetic_demo_calibrated_to_diagnostic_summaries,0.6725588742601986,1.094688700632927,47.85766709822161,583.800012659918,908.5681205008134,True
hou_0138,houston,Gulfton,29.7105,-95.4876,36.425957778918054,40.71445777891805,7.324569557069255,5.946567462730364,41.93335686309677,30.05591456328516,68.56838616523028,700.9998187646552,64.00152233355274,0.8166667752775081,0.14740326211740346,0.22179422906291169,0.21254561984430928,0.7183520950475489,0.4606819007209452,0.20790135650099079,1.2225825163313746,0.0,0.0,0.5035351679843241,synthetic_demo_calibrated_to_diagnostic_summaries,0.6603632101109504,1.042139437545474,66.69851048674275,811.1503217230654,1307.9799598532322,True
hou_0139,houston,Gulfton,29.7105,-95.48519999999999,36.37687514388735,40.665375143887346,7.220633278875121,5.633544962981668,40.485889435385985,30.17050566545921,69.99351813339946,773.8200869935501,77.46811073201394,0.7744922751995453,0.05547573090336956,0.13566290944101073,0.2291062243932605,0.7070305913824064,0.4257545614955539,0.2030153221109676,1.968441058775042,1.0,0.0,0.13479831237331058,synthetic_demo_calibrated_to_diagnostic_summaries,0.5979279855624217,1.2442711664794648,96.39133650548332,1112.1682519663714,1758.1925418689734,True
hou_0140,houston,Gulfton,29.7105,-95.4828,36.347893546103,40.636393546103,7.110046598775104,5.593236743414612,40.400840355111235,29.651436126681165,72.02461009714165,897.2396437417465,64.87605711116056,0.6607915682746041,0.06939191612731853,0.12414089630067957,0.15642565763817443,0.7797511814959156,0.42548773910606646,0.17914951261108328,2.412025103659542,0.0,0.0,0.1858573906768845,synthetic_demo_calibrated_to_diagnostic_summaries,0.5479129291082823,1.1093281466908682,71.96883619973467,792.0697996233014,1184.6145834303259,True
hou_0141,houston,Gulfton,29.7105,-95.48039999999999,36.330779252328774,40.619279252328774,7.220148062639985,5.818611763525149,39.77745429211934,30.47033335904379,64.69985574969351,659.0502291074843,39.8567343727551,0.6736446707803367,0.10962892940335472,0.1946226697573895,0.24283925815438506,0.7127639831027843,0.29597839161887085,0.20625809222018016,2.088465698528555,0.0,0.0,0.2854366665555854,synthetic_demo_calibrated_to_diagnostic_summaries,0.5608864518442104,1.091051065481395,43.48573250400339,490.0768688980221,737.6801221524219,True
hou_0142,houston,Gulfton,29.7105,-95.478,36.34994665264834,40.63844665264834,7.218589480876403,6.390249108822319,41.44178118741626,30.34788832408737,67.7661602510296,691.1040010128463,71.5363013482609,0.8368249460306616,0.024513223076550864,0.10995480881558066,0.244118816397228,0.6932432641917554,0.4175861294067773,0.20381808569614784,1.6518349550346771,0.0,0.0,0.26193845933021825,synthetic_demo_calibrated_to_diagnostic_summaries,0.6625444786967064,1.066386860297313,76.28537179205439,915.5179938859415,1490.1142157537183,True
hou_0143,houston,Gulfton,29.7105,-95.4756,36.33869011426949,40.62719011426949,6.9656500867936035,5.98013798738698,40.78811476932634,29.654122022445787,71.19393828263799,749.2024893695698,50.90949513917913,0.5779667935812058,0.11952132066471668,0.17747321961281803,0.16557685413743242,0.7676978557201152,0.4448352676163494,0.15532901945643818,1.0289059552372843,0.0,0.0,0.25525621005816534,synthetic_demo_calibrated_to_diagnostic_summaries,0.5573960345877492,1.0311991212407907,52.49782665033382,569.5109036370143,816.3796968004795,False
hou_0144,houston,Gulfton,29.7127,-95.49239999999999,36.357511922262965,40.646011922262964,7.109701188962826,6.482555285437666,41.64572130337382,31.06328661564813,69.78427037142907,667.3275306213166,61.50056237683949,0.8284635543883233,0.0913644939233128,0.1738699087279647,0.23572975658471979,0.708541434889876,0.37152539016936165,0.2079347614910091,2.2333861786223284,0.0,0.0,0.3000402657025391,synthetic_demo_calibrated_to_diagnostic_summaries,0.6780216097926235,1.099237269750492,67.60371027523686,806.5279634803888,1307.6622309842928,True
hou_0145,houston,Gulfton,29.7127,-95.49,36.37526578239903,40.66376578239903,7.25822499824565,5.953493592741183,42.08955119744929,29.980891026083402,67.51328420910131,701.2397821710241,52.9544855601196,0.9050269887207798,0.05868890306453472,0.13988699492732476,0.23199454817940013,0.7075491506371546,0.403042007889635,0.21882862107842346,0.8811429545094436,0.0,1.0,0.4499465301168264,synthetic_demo_calibrated_to_diagnostic_summaries,0.6489230128270882,1.102852349917717,58.400978838661715,698.9577621319871,1173.3894911609827,True
hou_0146,houston,Gulfton,29.7127,-95.4876,36.402662313008086,40.691162313008086,7.240797319610279,5.696723810343711,41.06480538232514,30.047628281116523,72.11092891945417,710.9890119395818,78.54487272085176,0.7466523455726299,0.07765748512032213,0.16908359325640773,0.2612174518173875,0.6928168556637204,0.3064379501259473,0.16439594192303345,3.166997395008308,0.0,0.0,0.18338922897122106,synthetic_demo_calibrated_to_diagnostic_summaries,0.6326991205884146,1.1519746890601037,90.48170532986862,1069.6786487712657,1668.6872028567857,True
hou_0147,houston,Gulfton,29.7127,-95.48519999999999,36.385225300819755,40.673725300819754,7.245109683269702,5.885284542916895,40.884718331540945,29.63107876687543,73.47830596497978,677.7474959008158,43.807973353038385,0.8337804441134918,0.1615525541930365,0.24644359520143821,0.24254583145257635,0.7036467830371467,0.3587159034018464,0.2338008582703027,2.1173722538390254,0.0,0.0,0.17484600894130675,synthetic_demo_calibrated_to_diagnostic_summaries,0.5974710077479398,1.0926839262498271,47.868268324445786,554.0202850104674,900.4687444734005,True
hou_0148,houston,Gulfton,29.7127,-95.4828,36.30180999148013,40.590309991480126,7.0379676999768765,6.589405365877367,40.65189009358512,29.795626961049372,67.8251020465353,776.390137407523,69.2731763653152,0.8708626965756188,0.1309815786395966,0.22289287696184493,0.26260370949213807,0.6825248092417836,0.3658098751071887,0.1809409262966038,2.0230875660541052,0.0,0.0,0.16468632179943365,synthetic_demo_calibrated_to_diagnostic_summaries,0.5584819746093559,1.087358014321051,75.32474349830109,826.2028988060769,1365.8348620857166,True
hou_0149,houston,Gulfton,29.7127,-95.48039999999999,36.36236298806027,40.65086298806027,7.185489681770199,6.881310576851176,40.99788136310087,30.1401705780005,71.9035274993361,819.3401220731594,44.79288060688148,0.6708773808004784,0.12201956904731057,0.22058324309626323,0.2816104972827219,0.6533937163516077,0.43330524243780266,0.21537728964636577,1.2965777328444483,0.0,1.0,0.19762501428886825,synthetic_demo_calibrated_to_diagnostic_summaries,0.6264573204853509,1.1263192467547736,50.45108354511925,589.6163795168435,886.2865987923342,True
hou_0150,houston,Gulfton,29.7127,-95.478,36.26205063121916,40.55055063121916,6.9647367422990945,6.950207308591604,41.83173043943891,30.724225895618833,72.97829229043612,783.9731206731279,55.4024464175435,0.9797366528217673,0.11816918757593707,0.22827690805535306,0.31459348708404566,0.6446082576893863,0.27198836817712,0.22153947836484655,2.3132171441505074,0.0,0.0,0.11687844100483302,synthetic_demo_calibrated_to_diagnostic_summaries,0.6430714714145633,1.1037467261805978,61.15026885575963,699.7767857824119,1213.9745101510382,True
hou_0151,houston,Gulfton,29.7127,-95.4756,36.24965270021541,40.538152700215406,6.979735338108346,6.051027753051679,40.553100543185124,30.90805402861343,69.25382812316515,781.4534182379994,49.97245062062603,0.7602236134333863,0.1492949605502821,0.23852715659456034,0.2549491315550807,0.6904265705938104,0.36416198567405933,0.20900445531700512,3.1156054629395955,2.0,0.0,0.6387515279805323,synthetic_demo_calibrated_to_diagnostic_summaries,0.594953470306303,1.3090716842299666,65.41752009904175,728.2509326254061,1143.476099240446,True
hou_0152,houston,Gulfton,29.7149,-95.49239999999999,36.308022627191704,40.5965226271917,7.09740054036778,5.819097710501477,40.64246271346031,30.562778702195256,63.833546220908765,793.8370582471763,71.46206893410839,0.7442610125611913,0.06450333704419822,0.1346483217941224,0.20041424214264048,0.7428930203903301,0.3779515831135294,0.22307047601178637,2.2757247634118647,0.0,0.0,0.11793472354708431,synthetic_demo_calibrated_to_diagnostic_summaries,0.608351278523046,1.101628873085834,78.724678468264,898.651118969634,1400.2743627773245,True
hou_0153,houston,Gulfton,29.7149,-95.49,36.319781010219536,40.608281010219535,7.072758675290897,6.924910835699677,40.67250269629119,30.164587549570697,66.20405131510188,738.9303034273103,63.49425532264936,0.8428736462910387,0.15204543490895817,0.23240245292695366,0.22959148005141566,0.7205654215172964,0.3322873228752529,0.19789437188181883,1.748615569238662,0.0,0.0,0.4608718562144018,synthetic_demo_calibrated_to_diagnostic_summaries,0.5870718246540524,1.0718537610186591,68.05655637066073,763.9332130011819,1246.857592575033,True
hou_0154,houston,Gulfton,29.7149,-95.4876,36.30952878159601,40.59802878159601,7.010182549247275,5.363231855547973,41.64207399916195,30.81231248380002,67.66468553727826,694.8974471154851,52.87194016570041,0.8551500692317805,0.07237172259386648,0.13959700450227294,0.19207223402401846,0.7463047137414422,0.4108203482302619,0.17151416447562995,2.7125354966883046,0.0,1.0,0.1809602913880852,synthetic_demo_calibrated_to_diagnostic_summaries,0.6599879752440965,1.2063032454535014,63.77959301530774,742.1915629760391,1218.2054378226917,True
hou_0155,houston,Gulfton,29.7149,-95.48519999999999,36.32891474125211,40.61741474125211,7.113743333006177,7.079756371107712,41.367467283875285,29.711545201318025,70.46889766314966,792.5655409073422,71.9320353007181,0.6937621120284325,0.05901324694157112,0.1682669524701096,0.3121534443672528,0.6318036012364447,0.37361969597535,0.16859416664380433,2.806714004599339,0.0,0.0,0.33194910169315667,synthetic_demo_calibrated_to_diagnostic_summaries,0.6122508769339339,1.1316231595403137,81.399957059164,933.5874161570479,1419.3530993542583,True
hou_0156,houston,Gulfton,29.7149,-95.4828,36.39278718518201,40.68128718518201,7.245309562735045,7.2256498677403895,41.02426134437847,29.718460385148056,71.82835912159989,913.9128594771673,55.41629055417758,0.8099211646493134,0.039797404800626754,0.12885598964865486,0.25445309956579465,0.6893679434591957,0.3745263798333974,0.11876549072683307,1.9716357854689135,1.0,0.0,0.07151429456300437,synthetic_demo_calibrated_to_diagnostic_summaries,0.6119218070701582,1.244451628794267,68.96289304188265,805.4088339050235,1294.647079486425,True
hou_0157,houston,Gulfton,29.7149,-95.48039999999999,36.334870987280134,40.62337098728013,7.1363490217848815,5.358372888335659,40.47419028005035,30.59182135509414,73.2379177482119,761.3391425784287,68.06794786207085,0.8379716261606902,0.04261352718585342,0.14636951622584024,0.2964456829713909,0.6410643236564436,0.41659995581443665,0.24404329934590818,1.6027635765142207,0.0,1.0,0.41344814008946923,synthetic_demo_calibrated_to_diagnostic_summaries,0.6067158440382953,1.1436149378742388,77.84352196550908,892.5604428166782,1453.5156871020265,True
hou_0158,houston,Gulfton,29.7149,-95.478,36.32083179200547,40.60933179200547,7.102613646711267,5.802297636003817,41.370273133212486,30.9038152700619,67.73441213498819,675.6992587944009,54.9956312689822,0.7524654195836699,0.11986132601609992,0.22391577619292136,0.29729842907663273,0.6471891654255759,0.3700827033186088,0.19905696263560532,2.7560438232717868,0.0,0.0,0.3529432919262719,synthetic_demo_calibrated_to_diagnostic_summaries,0.671828686158474,1.1287609246482466,62.076919602790376,737.1232714936091,1153.1181003206036,True
hou_0159,houston,Gulfton,29.7149,-95.4756,36.21410019640077,40.50260019640077,6.800252372227341,5.129966199933808,41.31643932852827,30.104053210984492,73.494974270767,749.9076158061249,84.3804404132231,0.6748776449078583,0.22898288254803367,0.31132085452450015,0.23525134850418988,0.7271831785028393,0.25043648661980544,0.22891474860821948,2.200507722662971,0.0,0.0,0.42138286289050647,synthetic_demo_calibrated_to_diagnostic_summaries,0.5863923035690948,1.0973800460070868,92.59741158276101,998.9286556696698,1504.5446195966597,True
hou_0160,houston,Gulfton,29.717100000000002,-95.49239999999999,36.23656819958087,40.52506819958087,6.915877733158123,6.874974449511006,41.331637716684995,30.05016510161493,65.69223938401949,625.9175661664233,67.0312911680844,0.8063225487539865,0.2665758596911483,0.3284114768779078,0.17667319196217,0.7661010207367345,0.38150524867397023,0.22261916359193615,2.7415700040160322,0.0,0.0,0.22098647820409506,synthetic_demo_calibrated_to_diagnostic_summaries,0.5960951941865057,1.1279433339191451,75.60749803703406,834.5857468648202,1339.2947267891636,True
hou_0161,houston,Gulfton,29.717100000000002,-95.49,36.30801889874527,40.596518898745266,7.035056905688612,6.95663574781584,40.99550682381282,30.93395396267986,68.18064894190262,680.0449345123105,53.338164064063854,0.7124375102469952,0.14782534221423782,0.23220859795513396,0.24109501640256042,0.6988705011691698,0.40022988285513167,0.263534119256939,1.90123499632504,0.0,0.0,0.7190717504152845,synthetic_demo_calibrated_to_diagnostic_summaries,0.6397757425155334,1.080474860015524,57.63054535060445,664.8211106714931,1020.0537333063235,True
hou_0162,houston,Gulfton,29.717100000000002,-95.4876,36.33941336489948,40.62791336489948,7.034595507330242,5.283730725368709,41.008741749187806,30.39598947900965,67.1622836338217,797.6658889546992,42.09458374473266,0.7232985937746647,0.14370036613181542,0.21470013530788137,0.20285648336018847,0.7341084320539828,0.42023389723885834,0.20449389290988146,2.7877238604202725,1.0,0.0,0.4274959768956346,synthetic_demo_calibrated_to_diagnostic_summaries,0.6217584803378574,1.2905504526375429,54.325184105353685,619.7642408661939,955.9701937839493,True
hou_0163,houston,Gulfton,29.717100000000002,-95.48519999999999,36.33826587530115,40.626765875301146,7.13009818816499,5.924667863683243,40.218873603779834,30.757840228944275,72.6816655044928,796.1985719447098,62.72226524259732,0.7993290016937855,0.11888598499471639,0.21564065001991184,0.276441900071987,0.6777003614348542,0.30571825662105834,0.195049169905211,0.3980000966267958,0.0,0.0,0.43956926010587405,synthetic_demo_calibrated_to_diagnostic_summaries,0.5984563635001098,1.0,62.72226524259732,714.8551168205121,1143.408436983388,True
hou_0164,houston,Gulfton,29.717100000000002,-95.4828,36.307915998190445,40.596415998190444,7.0637108857717825,5.383720766871679,40.763593865707335,30.20476404840037,73.07409193280907,810.5555239507388,51.13913965042191,0.6475285593504501,0.11145767062161123,0.18249382876279469,0.2029604518319527,0.7476726216582293,0.32911284339878655,0.18998815057059765,1.3706744242436062,0.0,0.0,0.057060089411249265,synthetic_demo_calibrated_to_diagnostic_summaries,0.5928041609044001,1.0505047880327576,53.72191105864406,604.431028137374,897.9707927947529,True
hou_0165,houston,Gulfton,29.717100000000002,-95.48039999999999,36.313799252777436,40.602299252777435,7.00607946013595,5.844233765021457,40.61198570868681,30.25740846365846,65.45789243451256,877.4647030282451,52.70438544166494,0.9075554688398768,0.14082604772701454,0.21006847448398347,0.1978355050199113,0.7468671511062402,0.36864895915898976,0.2620785145684069,3.1410812534932275,1.0,0.0,0.07655512931624146,synthetic_demo_calibrated_to_diagnostic_summaries,0.5800186957788471,1.3105107494694261,69.06966366548183,764.5829790704375,1285.0090770983832,True
hou_0166,houston,Gulfton,29.717100000000002,-95.478,36.28221108107696,40.57071108107696,7.0067600865636495,6.788536074550577,40.47507296758976,30.467035571954874,70.38156395092814,727.0552818300538,54.33553807034391,0.686135070848459,0.11436898733188108,0.19322664927303282,0.22530760554614784,0.7212559635823702,0.3562428724765464,0.17836485708065286,1.6531695602659298,1.0,0.0,0.4645731387280948,synthetic_demo_calibrated_to_diagnostic_summaries,0.5778700645888838,1.2264622488899712,66.64048621640063,736.7610213269609,1115.899203001879,True
hou_0167,houston,Gulfton,29.717100000000002,-95.4756,36.20936124702618,40.49786124702618,6.685098270809621,5.051790899898814,40.67738713317369,30.6641306080598,71.43194759281873,857.8609769431177,67.15757613982677,0.7726169051952962,0.17670558747018267,0.27183013876129336,0.2717844322603163,0.6737206524193184,0.36329943546910193,0.21992766995161303,1.2058748123606868,0.0,0.0,0.2586741090519416,synthetic_demo_calibrated_to_diagnostic_summaries,0.5735907590147259,1.041195660120205,69.92417682097987,735.5749901576249,1161.8132444836085,True
hou_0168,houston,Gulfton,29.7193,-95.49239999999999,36.225330273219406,40.513830273219405,6.879531677157938,6.8606517074676,40.31876290041049,30.21937551744225,70.96834921848736,667.9863625724136,48.35210290467155,0.7272946586716097,0.04693760459607685,0.1469244169144997,0.2856766066240653,0.6567787942226517,0.3836306610218864,0.24122765381938427,1.9396875295327225,0.0,0.0,0.08326450834183802,synthetic_demo_calibrated_to_diagnostic_summaries,0.531029510860714,1.0826469497801912,52.34825672520057,551.3719395697069,852.129339512547,True
hou_0169,houston,Gulfton,29.7193,-95.49,36.28588750775623,40.57438750775623,6.941746095078405,5.761799616169693,41.32842691270769,29.628282680820398,67.64848686985307,696.197333651814,56.961811549233026,0.7349474927473061,0.11204739858748917,0.1816476072350399,0.19885773899300205,0.7430863505062901,0.38703940333805215,0.2339121875199618,2.9701607841257958,0.0,0.0,0.2572270689531748,synthetic_demo_calibrated_to_diagnostic_summaries,0.5823871985731448,1.1408558692543846,64.98521702930469,713.8320761914102,1107.303897171021,True
hou_0170,houston,Gulfton,29.7193,-95.4876,36.30090965113399,40.58940965113399,6.989449608298929,5.839337067632,40.74577283239375,30.847735614115578,69.58315488555411,818.7534653891066,63.07406251314133,0.98,0.015754456943547664,0.09838251003930534,0.2360801517021648,0.7121244240764355,0.34530282814266466,0.2382581052207523,1.4255014587776538,0.0,0.0,0.2053728193862689,synthetic_demo_calibrated_to_diagnostic_summaries,0.6167274168752389,1.0536018334184347,66.45494790499467,750.9432246633668,1302.8864947909412,True
hou_0171,houston,Gulfton,29.7193,-95.48519999999999,36.273546682450146,40.562046682450145,6.937804865921664,5.680709769842314,40.45421905690692,30.07533996623553,68.92553119243003,820.1251550602485,58.52331440721059,0.7635723913191912,0.13313253729579871,0.21344864916549516,0.22947460534198982,0.711005737758133,0.3967977126658477,0.22097490704818673,2.290071004767724,1.0,0.0,0.1878533996996891,synthetic_demo_calibrated_to_diagnostic_summaries,0.5456418159482826,1.2624392572507002,73.88212957208813,792.2647698762327,1245.9783985454903,True
hou_0172,houston,Gulfton,29.7193,-95.4828,36.31586305730591,40.60436305730591,6.961564086467734,5.7015557565570445,39.99121196323046,29.925722483761675,67.69061409208715,825.233984835636,57.13041075070142,0.854284475075656,0.09739906368150289,0.16095566160044544,0.1815902797684073,0.7602496289878905,0.3877339416246812,0.2479618632110929,1.460068940015109,0.0,0.0,0.42785699696688206,synthetic_demo_calibrated_to_diagnostic_summaries,0.514494494003908,1.0555544660780483,60.30426021677623,635.802920392792,1043.170343467286,True
hou_0173,houston,Gulfton,29.7193,-95.48039999999999,36.256673056519155,40.545173056519154,6.809188843346311,6.5982047246520095,40.239220959240164,30.580388253434336,68.90704698762701,843.1014831931543,76.84114820449437,0.5894988000143337,0.09614636569680289,0.16984083673012115,0.2105556315237665,0.7360417696770799,0.3560173253276906,0.2362597096432656,1.7116086400307027,0.0,0.0,0.1896928120371074,synthetic_demo_calibrated_to_diagnostic_summaries,0.5459923029530606,1.0697633298962095,82.20184257628804,865.3349777989282,1247.920426066102,False
hou_0174,houston,Gulfton,29.7193,-95.478,36.191554296723645,40.480054296723644,6.7933527513249325,6.491431094366066,40.3028850664656,29.488634833227607,62.291592888567095,790.384031728009,51.76075385104674,0.5301736715766955,0.2284250337657832,0.31131524847237624,0.23682918487598023,0.7147932967435556,0.3225167892030943,0.14910798811142417,1.5519293441611772,0.0,0.0,0.42193624542698,synthetic_demo_calibrated_to_diagnostic_summaries,0.47933949727547465,1.0607434361400776,54.90487989716008,551.77620129411,771.1791121906651,False
hou_0175,houston,Gulfton,29.7193,-95.4756,36.202191964108195,40.490691964108194,6.633478361225777,5.638968691259244,40.5156314694731,30.068392070015168,65.64866780800978,609.5199884925423,70.18026857430974,0.8733446923270478,0.12940146615665704,0.21183357903009603,0.23552032249553995,0.7081317733826022,0.3756526941457188,0.19003630351690176,2.2757512988427275,0.0,0.0,0.07544769684636413,synthetic_demo_calibrated_to_diagnostic_summaries,0.5280110967407297,1.1016303720075684,77.31271537710789,783.643890026693,1296.937314048693,True
hou_0176,houston,Gulfton,29.721500000000002,-95.49239999999999,36.22724036617076,40.51574036617076,6.8242052884245785,5.945883967726498,40.60438081149606,29.64431925034071,69.37207450137078,813.4475437765756,54.09878430643305,0.6637193739044613,0.09935970490422702,0.18335677216746765,0.23999162075211608,0.7052210967041199,0.36524855029176,0.23980396714029142,3.071045855897218,0.0,1.0,0.11467813456040982,synthetic_demo_calibrated_to_diagnostic_summaries,0.5139278698588209,1.2265546207675522,66.35511386896259,685.5382092967698,1026.791952593298,True
hou_0177,houston,Gulfton,29.721500000000002,-95.49,36.33250168966848,40.62100168966848,6.846331361167325,5.448049338213761,40.41151235897413,30.816548884921357,73.51664498865406,767.2944796646666,67.66196154217344,0.9799072552289259,0.10035612140817107,0.19299274154754212,0.26467605754106016,0.6768219705759007,0.3900131458869279,0.24631827216045793,2.276249833796044,0.0,0.0,0.3209354512672037,synthetic_demo_calibrated_to_diagnostic_summaries,0.5830182455702915,1.1016585330304998,74.54037729451689,807.8587295324886,1401.5787022341697,True
hou_0178,houston,Gulfton,29.721500000000002,-95.4876,36.21102018004588,40.49952018004588,6.91687433771299,5.962101297548991,39.58125221135152,30.174638456952646,75.1851670053229,808.2047273385147,60.98665473588949,0.8474511001122991,0.16252387609755736,0.2356521398861508,0.20893789653883843,0.7442973090884297,0.3117652958182123,0.23967791900990257,1.7484782145556113,0.0,0.0,0.05865797799068276,synthetic_demo_calibrated_to_diagnostic_summaries,0.48016560669326663,1.071846002187802,65.36830206547093,669.2484880912053,1094.615013702244,True
hou_0179,houston,Gulfton,29.721500000000002,-95.48519999999999,36.28146752362793,40.56996752362793,6.861728248683118,6.520912379823174,40.33414066294666,30.099402740369804,69.43433577689659,657.4842222109285,58.27217367451604,0.8020310472556041,0.10952624670445553,0.17532333299706376,0.18799167512173784,0.7492290523261378,0.4185284836808292,0.22157612953482872,0.8996193247909106,0.0,0.0,0.06102795885118687,synthetic_demo_calibrated_to_diagnostic_summaries,0.5316931173753621,1.0238960349867816,59.66464757539809,627.0791411569337,1004.2818463776139,True
hou_0180,houston,Gulfton,29.721500000000002,-95.4828,36.247766759379196,40.536266759379195,7.010097089938393,5.271860668877392,40.329639860242516,30.30343153820586,74.99836955835285,875.7545184548792,63.73362588286803,0.678464876881937,0.12503772491907764,0.2260814515176121,0.2886963617100985,0.6585066855631957,0.3519796848447056,0.18527929392868372,2.4123996382756707,0.0,0.0,0.17248554392041351,synthetic_demo_calibrated_to_diagnostic_summaries,0.5540270981905806,1.1093493032373514,70.70285346594967,770.2284606149144,1162.1581788914607,True
hou_0181,houston,Gulfton,29.721500000000002,-95.48039999999999,36.25225847766605,40.540758477666046,6.855447770693565,6.0798017245903315,40.90771532893631,30.383430801152127,70.32802100183942,781.5078867377885,37.332900742788,0.7095789778647543,0.1780960474982228,0.2456096487887308,0.1928960036871657,0.7474246139306597,0.39786254921449726,0.16814634964811526,2.160558599032294,0.0,0.0,0.22541643004739778,synthetic_demo_calibrated_to_diagnostic_summaries,0.5817770854472437,1.0951234175015747,40.88413384668907,443.3389697035938,679.2769794310109,True
hou_0182,houston,Gulfton,29.721500000000002,-95.478,36.26617090332314,40.55467090332314,6.912402978725781,6.108388648316504,41.1814826521234,30.46136610341717,71.68342765479488,713.7164096942392,41.317335539832065,0.9251139987030628,0.11708842459425793,0.2164915957367643,0.28400906040716106,0.6591863921338748,0.37869698305976135,0.19759507690129785,2.084520453732626,0.0,0.0,0.13880556013862752,synthetic_demo_calibrated_to_diagnostic_summaries,0.6130864270670501,1.0908282082305072,45.070115095773666,502.54545864545537,851.2293377286268,True
hou_0183,houston,Gulfton,29.721500000000002,-95.4756,36.23120949173226,40.51970949173226,6.817998865458835,5.3127437474325765,40.5295018137376,30.49452399894508,69.21137407237902,785.7262760396538,45.721694095691255,0.6947524588075223,0.07869316256157004,0.1749289962106981,0.27495952471179447,0.6617257681722487,0.4220980474397123,0.174623881884731,4.905176943700525,0.0,1.0,0.06590234180019867,synthetic_demo_calibrated_to_diagnostic_summaries,0.557199838026598,1.26,57.60933456057098,611.637540493685,930.3400543614149,True
hou_0184,houston,Gulfton,29.7237,-95.49239999999999,36.278736571540946,40.567236571540946,6.916135003013958,6.2996195797857,39.94374306538418,29.851763223340164,70.90353590716897,896.7550664794367,49.97714866434759,0.7681127511902102,0.20008225762832968,0.28517545393943744,0.2431234180317365,0.7058515839098707,0.3401666537226187,0.2362441187589032,0.4956703925890631,0.0,0.0,0.7796867349557941,synthetic_demo_calibrated_to_diagnostic_summaries,0.4966664487802308,1.0010779455687218,50.03102131028767,517.878466861844,816.2202573344083,True
hou_0185,houston,Gulfton,29.7237,-95.49,36.34149658719564,40.62999658719564,7.031632783686666,6.224849721281603,40.75367333633079,30.908538315681664,68.00999142606682,808.3779831518133,74.13839172002548,0.8627505227720125,0.09421381021364987,0.15598978106634703,0.17650277386484903,0.7732954908543689,0.3346782352052139,0.1453015923901701,2.823400203890803,0.0,0.0,0.23042912444090438,synthetic_demo_calibrated_to_diagnostic_summaries,0.627857453242685,1.1325657222187315,83.96660116252589,961.1233505187014,1583.0306053499996,True
hou_0186,houston,Gulfton,29.7237,-95.4876,36.27542270208719,40.56392270208719,6.91788998935711,5.87799719909216,41.135209602419806,30.923567333135413,69.48436547093824,825.992465816492,75.75086160620558,0.7090881417040878,0.1768136909836039,0.2702270350949523,0.26689526888956683,0.6729649319813424,0.40093199419393816,0.200576115396979,3.062567021688652,0.0,0.0,0.25740791727525486,synthetic_demo_calibrated_to_diagnostic_summaries,0.6317300722352398,1.1460756721141236,86.81621962855601,979.9926979234776,1501.1685987140784,True
hou_0187,houston,Gulfton,29.7237,-95.48519999999999,36.270304657607426,40.558804657607425,6.905749605070915,5.335959485959627,40.961935091495654,29.660129163705935,68.77056590561376,686.3544192541857,38.06279033751635,0.6144221845159551,0.0675381139634966,0.15068398242935438,0.23755962418816515,0.7200503917081685,0.28259989402444213,0.16810688513466018,2.302071152822344,1.0,1.0,0.23666614947525774,synthetic_demo_calibrated_to_diagnostic_summaries,0.5529598818068406,1.3431171163301827,51.122785197605296,548.258748305025,800.9055016651926,True
hou_0188,houston,Gulfton,29.7237,-95.4828,36.29734035463185,40.58584035463185,7.148244994256544,6.773332663016548,40.46902471887067,29.824574575338932,68.58548271206996,725.2235528638812,64.3067660474685,0.7271035609214359,0.12208730136977514,0.1975424234076349,0.21558606296531366,0.7371484006059095,0.31510357619184587,0.1953444509567795,0.5539884597327935,0.0,0.0,0.21282904390723398,synthetic_demo_calibrated_to_diagnostic_summaries,0.5589827141780448,1.004372190867306,64.58792750268722,719.767242932068,1112.2762369599511,True
hou_0189,houston,Gulfton,29.7237,-95.48039999999999,36.250653831121106,40.539153831121105,6.906102599133237,5.39324804948189,41.16203768534309,30.113599096855,69.09226999903665,702.9250856033515,60.87673214336926,0.7031354019315131,0.15247275874750826,0.245919518063354,0.2669907409024164,0.6703605335199834,0.4176581705173347,0.20696393938913643,2.4610763935157047,2.0,0.0,0.17204559382197507,synthetic_demo_calibrated_to_diagnostic_summaries,0.5892320201515299,1.272098934354319,77.44122608655336,849.948385163558,1298.169984730822,True
hou_0190,houston,Gulfton,29.7237,-95.478,36.28151352060596,40.57001352060596,6.93384619134873,5.6371974272457965,40.99092031817588,30.52114179857289,69.35671583500478,882.5519906638648,57.950520033579146,0.73515200246074,0.12180257648557583,0.21859332035412563,0.2765449824815709,0.6701246023161838,0.3555361013483023,0.2593823476910958,0.4295176773633136,0.0,0.0,0.0902061122836215,synthetic_demo_calibrated_to_diagnostic_summaries,0.6080520241540187,1.0,57.950520033579146,646.1474524805736,1002.4098976625733,True
hou_0191,houston,Gulfton,29.7237,-95.4756,36.19495092039648,40.48345092039648,6.744236559617001,6.718864776333795,40.99587467085219,30.631117583933584,68.68544713901092,704.5128339886315,66.19471508287168,0.861928230273243,0.16367935414515428,0.2634130709009336,0.28495347644508373,0.6650618101387313,0.33323142277456624,0.23091636589708944,2.242253853778258,1.0,0.0,0.3743737646617791,synthetic_demo_calibrated_to_diagnostic_summaries,0.5913266094573676,1.259738183080143,83.38801010800451,894.9437314407907,1473.4766814169604,True
