tile_id,city,area,lat,lon,temperature_c,daily_max_temperature_c,exceedance_h,persistence_h,apparent_temperature_c,wet_bulb_c,relative_humidity_pct,solar_ghi,population,vulnerability,canopy_fraction,vegetation_fraction,pervious_fraction,impervious_fraction,building_fraction,road_fraction,transit_stop_count,school_count,park_count,cooling_center_access,data_provenance,thermal_stress_index,exposure_multiplier,exposed_population,baseline_person_hours,equity_weighted_person_hours,high_vulnerability
mia_0000,miami,Little_Havana,25.7573,-80.22739999999999,31.71586348105828,34.50586348105828,10.743905749508016,10.267847618954752,36.104759448772754,27.06762267100341,70.44086821727926,764.6221488292852,45.05808757860885,0.7315056362850556,0.12780618619078288,0.1998102226605394,0.2057258184850187,0.7549803926469043,0.26195859245384656,0.20093461479413044,2.486559073996569,0.0,0.0,0.24266500375110472,synthetic_demo_calibrated_to_diagnostic_summaries,0.8316671755002574,1.132804374042334,51.04199869503066,1004.4687376182459,1555.549644898157,True
mia_0001,miami,Little_Havana,25.7573,-80.225,31.76776477312475,34.55776477312475,11.182116028239095,9.422217875346634,35.564557264932446,27.624423813472934,74.29246300902365,724.1430089649924,51.639651834082656,0.7679078266998014,0.14761625568964348,0.23491756126206903,0.24943230163550162,0.702137665297477,0.3228668871134757,0.2294359934853531,2.8301860892767907,0.0,0.0,0.3293798647231175,synthetic_demo_calibrated_to_diagnostic_summaries,0.8355511526134095,1.1526222774895014,59.52101310576526,1221.68938614094,1925.298017201218,True
mia_0002,miami,Little_Havana,25.7573,-80.2226,31.972300501085762,34.76230050108576,12.79008098611331,12.088957623330169,36.287944614005035,27.087948260561756,73.20273720846667,657.9990926101034,50.19523594312267,0.7984285900153371,0.05700281682941078,0.13375530518333525,0.2192928238683557,0.7290070612767999,0.34466743236562913,0.24656065790187037,3.043130850457516,0.0,0.0,0.3056649966057763,synthetic_demo_calibrated_to_diagnostic_summaries,0.984407660056838,1.164903380339399,58.472600027077306,1484.0775474300146,2372.7750051809894,True
mia_0003,miami,Little_Havana,25.7573,-80.22019999999999,31.655382533276534,34.445382533276536,10.933376654534179,8.96915150989945,35.0887389262748,26.145108003941363,72.42608702535516,695.6383399798872,43.76045923128202,0.6886147434976406,0.10303080556076488,0.17642490050556436,0.2096974141279985,0.7350352263932444,0.3684490631917142,0.26380041705599777,3.186380705005723,0.0,0.0,0.16020001774702236,synthetic_demo_calibrated_to_diagnostic_summaries,0.6385719736805334,1.1731649885949142,51.33823865497518,919.7309403906264,1394.7361545935776,True
mia_0004,miami,Little_Havana,25.7573,-80.2178,31.8878064075058,34.6778064075058,11.68998693587262,10.609489021771395,35.83856366525109,27.153960451094914,74.33959352808984,730.3691181569093,48.120093523570134,0.6777537893817548,0.07294782785571946,0.16428928803362947,0.2609756005083143,0.6951994373652199,0.29216641417643846,0.25460917442356745,2.884597327124727,0.0,0.0,0.0785178870576828,synthetic_demo_calibrated_to_diagnostic_summaries,0.9250487485034343,1.155760321386405,55.61529475594528,1251.5551765314224,1887.7398741673144,True
mia_0005,miami,Little_Havana,25.7573,-80.21539999999999,31.665638746561115,34.455638746561114,11.994063951355475,11.564119589778741,35.784506547727254,26.839408203979456,67.81803873042296,718.4095031012243,44.85317581638439,0.6344980150580477,0.0793916688047555,0.15346006565244474,0.21162399099339782,0.7429777150866614,0.30265529279960496,0.2338368732639711,3.1722465099659165,0.0,0.0,0.17987390146629975,synthetic_demo_calibrated_to_diagnostic_summaries,0.8381965959578772,1.1723498311708862,52.58361309581632,1159.33445051443,1711.0310062442936,True
mia_0006,miami,Little_Havana,25.7573,-80.213,31.45493192740424,34.24493192740424,10.42548911784777,7.878552215702055,34.76658885362608,26.299008006141932,70.22027217578342,804.4605662770083,37.84308998388482,0.8516972602097606,0.1111450418808693,0.17333661487873964,0.17769020856534387,0.7662991239591687,0.37340444983658316,0.25070613177448525,1.9881987738002018,1.0,0.0,0.51378112362068,synthetic_demo_calibrated_to_diagnostic_summaries,0.5221670256241507,1.2640625817151532,47.836034025108304,759.1260854282147,1244.0352907629429,True
mia_0007,miami,Little_Havana,25.7573,-80.2106,31.534178922527314,34.32417892252732,10.134643094636562,9.54847432002067,35.507287647118154,26.339655758897983,67.97595116588693,883.7550939505918,46.501010498147664,0.734134371070081,0.08036458980347162,0.1780812556872195,0.2791904739535654,0.6706542713649329,0.3343683645433446,0.2719794069236293,1.6714769977393507,0.0,1.0,0.060572532351214375,synthetic_demo_calibrated_to_diagnostic_summaries,0.6104585241926865,1.1657963765028805,54.21070954246295,884.7958869541488,1371.9651909500078,True
mia_0008,miami,Little_Havana,25.7595,-80.22739999999999,31.764693529265713,34.55469352926571,11.031086108952767,10.729916749736958,35.850987488126776,26.253518499537865,69.32318270869825,870.5363879487304,52.47912393602577,0.6610691074113548,0.13460753678807455,0.2119369850303796,0.22094128069230015,0.7289985466936484,0.3337344840936764,0.23877712421593697,2.136013215727376,1.0,0.0,0.20798062312162668,synthetic_demo_calibrated_to_diagnostic_summaries,0.7695504086676275,1.27258744212469,66.78427409469164,1303.6332332060124,1949.9769766064703,True
mia_0009,miami,Little_Havana,25.7595,-80.225,31.977681155887588,34.76768115588759,12.588028468335818,11.016857428047695,36.29934455323211,26.61979034830526,69.67886295386954,732.3776413998287,44.45882796735937,0.7038432708045659,0.03170098448278337,0.13316779756999295,0.2899051802491702,0.6491892521574423,0.40603711728925,0.2917099716234989,3.6691554337937617,0.0,0.0,0.4052006098132758,synthetic_demo_calibrated_to_diagnostic_summaries,0.9449364247647117,1.18,52.46141700148405,1284.4084176358235,1962.42508392411,True
mia_0010,miami,Little_Havana,25.7595,-80.2226,31.841192029764844,34.63119202976485,11.384389009809407,9.353545576661416,36.1102497482668,27.242295159886687,72.01698071691412,853.617867520992,48.294964927967136,0.6006246554034392,0.03572657738176305,0.13454671340887348,0.28234324579174414,0.6686614948524607,0.32663506237196754,0.2674770762706804,2.1126644533331373,1.0,0.0,0.28141140281720056,synthetic_demo_calibrated_to_diagnostic_summaries,0.9273738589839046,1.2712408555696064,61.39453253473308,1347.117222990314,1953.9510863752605,True
mia_0011,miami,Little_Havana,25.7595,-80.22019999999999,32.20186305838888,34.99186305838888,14.569762223141407,14.088009224424548,36.120530098116426,26.34294744649342,71.03756067979661,685.6309911698306,61.09143859015193,0.7484044503231306,0.042212191865754686,0.12841509546247706,0.24629401027634967,0.7114866417346724,0.2814623199265199,0.2222787895810954,1.916732929805113,0.0,0.0,0.29931251310708307,synthetic_demo_calibrated_to_diagnostic_summaries,0.9048394967993325,1.0999409523522523,67.19697514342086,1864.9215849747804,2911.7082952488745,True
mia_0012,miami,Little_Havana,25.7595,-80.2178,32.091188043010625,34.881188043010624,12.140606235172019,9.969623278106672,36.479856831041495,26.99307690463378,70.03942876471528,790.4336252126633,51.39352136816126,0.6868575938890772,0.03431064468559651,0.07559148155206113,0.11794524818989895,0.8136243487946586,0.4562026867696163,0.20485300113523974,3.882958115524474,0.0,0.0,0.2098851270677131,synthetic_demo_calibrated_to_diagnostic_summaries,0.9764088854675825,1.18,60.644355214430284,1455.1492981019358,2204.759557334692,True
mia_0013,miami,Little_Havana,25.7595,-80.21539999999999,31.757348685694115,34.54734868569412,12.19448024059775,10.284867737711613,35.95027196197236,27.38669064668421,79.27950492679179,706.5859953213662,51.13656828257501,0.6550597769811437,0.09988400250458208,0.17744849108211636,0.22161282450724076,0.727068243407292,0.3421262139031147,0.24000253179274242,2.4221707212692083,0.0,0.0,0.39184465138624847,synthetic_demo_calibrated_to_diagnostic_summaries,0.9207040430070922,1.1290909228271189,57.7378350723846,1352.3348513705257,2016.7299759774792,True
mia_0014,miami,Little_Havana,25.7595,-80.213,31.696108485228933,34.48610848522893,11.593522161917607,10.548839361197194,34.41277926476329,27.284705274426194,73.4576875363074,743.4204814843221,47.01672348703866,0.69370459327768,0.04461231469448663,0.13693165059250986,0.26376953113720925,0.6836481656366517,0.3505486881742608,0.2415740039506873,2.298418097434492,0.0,0.0,0.02787923135216242,synthetic_demo_calibrated_to_diagnostic_summaries,0.7169642460013244,1.1219537728318252,52.75059030247371,1050.0354755763576,1596.346299960232,True
mia_0015,miami,Little_Havana,25.7595,-80.2106,31.591470753751228,34.38147075375123,10.673247457426223,9.42640476270291,35.810967333120374,27.289044564218344,74.31726003678872,817.9591723757941,67.874698210487,0.7724389717788936,0.09471314817585395,0.19981184381959138,0.3002819875535356,0.6507247494805997,0.32662175310576497,0.27900133784096875,3.441929511182155,0.0,0.0,0.33427622521891825,synthetic_demo_calibrated_to_diagnostic_summaries,0.7746020665876302,1.18,80.09214388837465,1517.006635531711,2395.8529198306164,True
mia_0016,miami,Little_Havana,25.7617,-80.22739999999999,31.595984961365808,34.38598496136581,11.626492609093017,9.45635937948939,35.246519747076434,26.850998485724887,77.53368529983017,689.0397843491721,37.970121433768064,0.7139742144391619,0.13113712465556207,0.1836535994545911,0.15004707085436864,0.7945682809987995,0.3692309876455458,0.19283879233040277,2.08537612610698,0.0,0.0,0.2560653146345477,synthetic_demo_calibrated_to_diagnostic_summaries,0.7421666598531681,1.1096670636086872,42.134193156274684,853.4402083732357,1310.4409351312925,True
mia_0017,miami,Little_Havana,25.7617,-80.225,31.74609088767969,34.53609088767969,11.561769858540108,9.635688138382658,35.46061905691879,27.08472448201705,74.10506983810197,816.9634582976347,34.98369623197522,0.7731815690514019,0.11182578863262156,0.17185192495407892,0.1715032466327353,0.7898761830280931,0.25747046892781034,0.22226689724426682,3.680759238442807,1.0,0.0,0.15254386168183287,synthetic_demo_calibrated_to_diagnostic_summaries,0.8267150842089508,1.3399999999999999,46.8781529508468,990.0693749192159,1564.196919496551,True
mia_0018,miami,Little_Havana,25.7617,-80.2226,31.919048651088882,34.709048651088885,11.571934314619194,11.139530702956177,36.33995868453392,27.261766244115492,76.98688177131096,798.7881550926866,56.83077821806774,0.7382075572648074,0.08279664894781677,0.1401796712899834,0.1639514924061904,0.789510036966685,0.31025647084749747,0.21533249948129038,2.5091408444485275,0.0,0.0,0.4901463136853513,synthetic_demo_calibrated_to_diagnostic_summaries,0.9776621223469217,1.1341067260885431,64.45216782595689,1475.0121060756212,2291.660918897199,True
mia_0019,miami,Little_Havana,25.7617,-80.22019999999999,31.578248291668654,34.36824829166866,10.043361584527048,10.04111370563634,35.80794117752696,26.38953787821332,73.16306075617115,809.1367538354889,36.18511455506418,0.7448646761395699,0.025780561534799348,0.12489580846667753,0.28318641980536624,0.6631757605585318,0.3575854642406798,0.25572563528438313,0.6519172506938846,0.0,0.0,0.3256647650333872,synthetic_demo_calibrated_to_diagnostic_summaries,0.6545171285343075,1.026995596217639,37.1619532966817,617.5169734432208,962.4919087690747,True
mia_0020,miami,Little_Havana,25.7617,-80.2178,31.713356779515856,34.503356779515855,11.50424200530047,10.93180200642333,34.546548719591705,26.120482620538727,69.11058301577572,712.5214891891376,56.66205820680145,0.7094212049404682,0.13102892172633623,0.22122400649175325,0.2577002421869058,0.6881727542787015,0.3608466902292845,0.2320248362425386,0.9055517031566751,1.0,0.0,0.5581949104795468,synthetic_demo_calibrated_to_diagnostic_summaries,0.6334062750220258,1.2016233840988793,68.08645413246443,1279.4194418384186,1960.1549033783729,True
mia_0021,miami,Little_Havana,25.7617,-80.21539999999999,31.615577553158264,34.40557755315827,11.82107739746617,8.990965335113263,35.81199128728822,26.062704947007447,78.16230949349796,687.1619242589726,44.68320363027811,0.6400679531639712,0.10095239375886628,0.20251489400915218,0.29017857214367404,0.6623878299695184,0.3162239859120506,0.1955839046230495,3.142868015502881,1.0,0.0,0.26934132804640193,synthetic_demo_calibrated_to_diagnostic_summaries,0.7552021207861409,1.3306554935873967,59.45795038171387,1233.6561555575613,1825.8739833544578,True
mia_0022,miami,Little_Havana,25.7617,-80.213,31.563848371855112,34.353848371855115,10.645901629524566,9.246414634610574,35.49827960675344,26.7171992171281,76.34377733373213,784.4143125832406,59.42086897559463,0.5870827964838841,0.11302571589361002,0.190245459342332,0.22062783842492,0.720448191641911,0.3928264662211267,0.22971641547406862,2.2348094623221963,0.0,0.0,0.3802320959775791,synthetic_demo_calibrated_to_diagnostic_summaries,0.683890287196133,1.1182852900496039,66.44948369737234,1191.2086864023806,1715.7122815091334,False
mia_0023,miami,Little_Havana,25.7617,-80.2106,31.406257970281807,34.196257970281806,10.308258639284235,9.40099911432861,35.58011219650729,26.021421523745158,76.3179801097219,731.5045234554773,45.26629399324089,0.6787192243554601,0.065088413346147,0.18561778084777514,0.3443696214332233,0.6170682791827244,0.25708066256034834,0.20647847661031177,4.0497849299436135,0.0,0.0,0.3267025999425552,synthetic_demo_calibrated_to_diagnostic_summaries,0.563546091228867,1.18,53.414226912024255,860.9004640164812,1299.1327354048726,True
mia_0024,miami,Little_Havana,25.7639,-80.22739999999999,31.851150449152165,34.641150449152164,12.09001585152863,9.9156610663905,36.39379395137512,27.117384543677538,70.4453884324427,785.657198506606,41.07109262415334,0.7046633176952216,0.1547926755523532,0.23459385115316472,0.22800335885946146,0.7175119785685597,0.3632310838131919,0.23829650416821924,2.8442410871660426,0.0,0.0,0.44497450894557744,synthetic_demo_calibrated_to_diagnostic_summaries,0.9714343596219942,1.153432867398715,47.372748132675405,1129.113944655899,1725.8478283787726,True
mia_0025,miami,Little_Havana,25.7639,-80.225,31.414008565583792,34.20400856558379,10.994570112420185,10.00750134111783,34.63352938908657,26.600040649383914,71.32128314185154,739.1873646111655,77.88894369612589,0.6710854042860629,0.14265919168933366,0.24666409119645372,0.29715685573462874,0.6608581650016166,0.2798998617583641,0.15106413486475045,2.847907417170918,0.0,0.0,0.39245723007645783,synthetic_demo_calibrated_to_diagnostic_summaries,0.5579357328451272,1.153644314609822,89.85613706600017,1539.1308238227189,2313.7969971883763,True
mia_0026,miami,Little_Havana,25.7639,-80.2226,31.91658329064858,34.70658329064858,11.61682570197268,11.347035444533716,35.73569805192649,27.54247049931654,73.77468646996809,694.1214532852529,64.21328534734927,0.6801717859297034,0.048543866539908165,0.1073482095149933,0.16801240850024324,0.7821356554199271,0.33234624053219763,0.2821146417619967,2.605188653444362,0.0,0.0,0.2569863644401788,synthetic_demo_calibrated_to_diagnostic_summaries,0.9234393222843836,1.1396460641508872,73.18041791230443,1635.162237561636,2469.305652116967,True
mia_0027,miami,Little_Havana,25.7639,-80.22019999999999,31.601106902521273,34.39110690252127,9.866855349383178,9.296125822722576,35.79362587134933,26.866173290675466,75.12054892269715,798.9573409925885,49.99278320105867,0.7056733615757945,0.06002617945898152,0.1419147713108539,0.23396740529106397,0.7161079544616346,0.33283093498200983,0.23239867293155955,1.6931711664455138,1.0,1.0,0.1799040641822452,synthetic_demo_calibrated_to_diagnostic_summaries,0.6886302364092763,1.3270475381452056,66.3427998719919,1105.3685884417807,1690.3904641312824,True
mia_0028,miami,Little_Havana,25.7639,-80.2178,31.695254905027735,34.48525490502774,11.338689850689697,10.300547111410863,35.82627281106493,26.668062802633973,68.65561822175485,697.0213649458573,53.56450320617627,0.6612375469801759,0.060156191677022845,0.12748265880347612,0.19236133464700939,0.7522021893191849,0.3695765068920379,0.2352105507773395,2.6503788699888835,1.0,0.0,0.25110747307894027,synthetic_demo_calibrated_to_diagnostic_summaries,0.8006626551287606,1.302252306699965,69.75449785748071,1424.1884206676807,2130.4835639575817,True
mia_0029,miami,Little_Havana,25.7639,-80.21539999999999,31.638000100628734,34.428000100628736,12.314862497249958,12.270344791149077,35.42619679739831,26.1255724178904,68.0447225554622,723.5588111001213,50.451285914727414,0.6099863118714087,0.04323951654192678,0.1427713680342146,0.28437671854939384,0.6632105912407465,0.34941793473239724,0.28833348445498863,3.957039080650487,0.0,1.0,0.22996502523130738,synthetic_demo_calibrated_to_diagnostic_summaries,0.7310344490981787,1.26,63.56862025255654,1355.1209612705636,1975.0748892493652,True
mia_0030,miami,Little_Havana,25.7639,-80.213,31.491365639528883,34.281365639528886,10.939743686641492,8.846246372815047,35.84827570777008,25.978311779424676,70.58020328707788,776.9151165173726,36.10582190086455,0.7411748500429437,0.12040303114265843,0.2360324397636236,0.33036973891704335,0.6154020544433871,0.36152137759713004,0.20897075844976803,2.8570577180344507,0.0,0.0,0.3310707950687894,synthetic_demo_calibrated_to_diagnostic_summaries,0.656174642708961,1.154172037317765,41.672330022353215,755.0245298737253,1174.728424404652,True
mia_0031,miami,Little_Havana,25.7639,-80.2106,31.249512142837503,34.0395121428375,9.208434583693295,7.101571435228337,35.15455022232637,26.135022962901235,72.06854807141217,682.0628370654706,44.26291343050065,0.9494395157346303,0.1682396773896033,0.2818964593494675,0.32473366274246923,0.6387430192431077,0.24348878676282043,0.28832810985035684,0.9505295675038516,0.0,0.0,0.3519933394896398,synthetic_demo_calibrated_to_diagnostic_summaries,0.4073092839664985,1.0442173797198733,46.220103481164976,598.97165852983,1025.4871795898277,True
mia_0032,miami,Little_Havana,25.7661,-80.22739999999999,31.3918364890779,34.1818364890779,10.436454176845796,8.723029645852854,34.95731286514551,26.51959659459439,74.76177750040837,772.4177280245858,67.00575646791184,0.7043244539575537,0.025108240173997747,0.11159599296261742,0.2471078651103419,0.7042349185864349,0.3243814420214876,0.29543475038868133,1.617007441774394,0.0,1.0,0.14338743196235013,synthetic_demo_calibrated_to_diagnostic_summaries,0.5426040005575267,1.162654969241745,77.90457572521989,1254.2103797069349,1916.738660333172,True
mia_0033,miami,Little_Havana,25.7661,-80.225,31.310172757924857,34.10017275792486,10.016010221689175,9.47470523914527,35.52026705728733,27.263213670998486,74.0480518676813,787.139219888341,36.886106727420994,0.6557512658367164,0.08172241797005726,0.21455482581396346,0.3795211652683035,0.5647697705120477,0.37139376146432546,0.24817109265822718,3.16864631705147,0.0,0.0,0.5047925381144583,synthetic_demo_calibrated_to_diagnostic_summaries,0.6131926060992213,1.172142198265448,43.235762224933175,698.5927941327174,1042.1701259254207,True
mia_0034,miami,Little_Havana,25.7661,-80.2226,31.71535869097945,34.50535869097945,12.323612739606814,10.832726105287065,35.23353946879505,25.787216286024993,70.65275099811566,695.9390718907852,30.595274006056712,0.8056848287825901,0.07340200709249813,0.16454923882471842,0.260420662092058,0.6866948745647232,0.352563088954792,0.23262715499961295,1.8386359624664843,0.0,0.0,0.08255422393860194,synthetic_demo_calibrated_to_diagnostic_summaries,0.7055565624213828,1.0954368880924286,33.51519174752993,704.4430320029084,1130.1123297226723,True
mia_0035,miami,Little_Havana,25.7661,-80.22019999999999,31.49680805080501,34.286808050805014,10.83487344670485,10.404739009963173,35.83968256844235,25.871416871657537,69.35232722768761,735.4333332447416,47.88412743678516,0.6268429697363422,0.09011906553352268,0.1660078973882011,0.21682523387050973,0.732256646880262,0.33945412832818816,0.261049909442687,2.3314479885094745,0.0,0.0,0.03785541272663455,synthetic_demo_calibrated_to_diagnostic_summaries,0.6410461493691232,1.1238586963770845,53.81499303825955,956.8589554823941,1406.7091874374428,True
mia_0036,miami,Little_Havana,25.7661,-80.2178,31.60076920083074,34.39076920083074,11.394550519871787,10.312493483990982,36.00427334180298,26.91187615646471,73.47435725471533,646.6089603925761,46.23175098155989,0.7693864936977713,0.04590859448458317,0.15041078689115597,0.29857769259020805,0.6477354251094557,0.3579125486689084,0.24174822992806339,2.7225149811637017,0.0,0.0,0.1199660531959114,synthetic_demo_calibrated_to_diagnostic_summaries,0.8149933367216259,1.1464125921919277,53.00066148434177,1096.1084434104562,1728.6067174015259,True
mia_0037,miami,Little_Havana,25.7661,-80.21539999999999,31.69755109689567,34.48755109689567,11.638042390876942,10.476373496497972,36.1250607590443,26.329210937772018,76.40814605066629,804.7738486648532,72.30925585393162,0.6286438884844066,0.07781458605860991,0.17802318167948755,0.28631027320250757,0.6626210190474685,0.3404580516668262,0.2310220588834423,3.928134721657705,0.0,0.0,0.34100721809625123,synthetic_demo_calibrated_to_diagnostic_summaries,0.8244888904591404,1.18,85.32492190763931,1811.7449416704094,2665.95173047564,True
mia_0038,miami,Little_Havana,25.7661,-80.213,31.341801848997864,34.13180184899787,9.499709027496557,9.480174006177577,35.54029750124728,25.904413300813072,73.60839183069334,764.2270149897092,62.886155434406916,0.7429692075170287,0.04677803230994029,0.10290509311139515,0.16036303086129958,0.7782629970933862,0.4091598136354282,0.28077661800886833,2.5096425444814603,0.0,0.0,0.5271899472554669,synthetic_demo_calibrated_to_diagnostic_summaries,0.4767001566460474,1.1341356604923298,71.32143142942441,1000.5128598270668,1558.0255447593006,True
mia_0039,miami,Little_Havana,25.7661,-80.2106,31.240448935790965,34.030448935790965,9.301051935313097,7.565625638904107,35.770060805239126,26.638729490150936,72.63194608751462,831.8085790019667,51.90701490033862,0.7660099633092781,0.05846194313420612,0.15316870193908122,0.27059073944250034,0.6828858500974148,0.3101560697338995,0.20249053383230559,1.0706339909055376,0.0,0.0,0.21124022117803776,synthetic_demo_calibrated_to_diagnostic_summaries,0.5191813418266241,1.0511441280857179,54.56175391894881,770.9567404133343,1213.8771487411284,True
mia_0040,miami,Little_Havana,25.7683,-80.22739999999999,31.329755677260408,34.11975567726041,9.021192707882546,8.934475657482592,35.45180787174959,26.168958645208725,73.93435850291031,779.1242815996486,43.39783098814479,0.7427596333472909,0.09034390364033287,0.1763117927825173,0.2456225404062412,0.7045899590660952,0.33191667018442383,0.2226631767576703,1.9975471330197008,0.0,0.0,0.2527855261620131,synthetic_demo_calibrated_to_diagnostic_summaries,0.4544825834616835,1.1046017269865178,47.937319056973756,628.9936012684857,979.3868937604651,True
mia_0041,miami,Little_Havana,25.7683,-80.225,31.470249017559773,34.26024901755977,10.303774922605683,7.787438773519308,36.183991659402025,26.339744215550557,70.31696186176741,888.6170672841264,44.48889949704619,0.6184997311597458,0.15546053571043733,0.2889372740774729,0.38136210962010164,0.5652622871333134,0.35583735497723296,0.2868431460541072,1.8976864662171034,1.0,0.0,0.2197101246877359,synthetic_demo_calibrated_to_diagnostic_summaries,0.674608944009756,1.2588424910566833,56.00451706723205,966.3463850406571,1414.610119556786,True
mia_0042,miami,Little_Havana,25.7683,-80.2226,31.66016046796698,34.45016046796698,10.721069298623888,8.693706370945133,34.691677001614266,26.830146826941437,74.0097493798163,806.6600868026674,50.75023222686536,0.7227977028994037,0.13917981167142054,0.23162531329202563,0.2641300046303003,0.687808496467107,0.32040999268395165,0.26725804079676335,2.511188177492234,0.0,0.0,0.209620241510499,synthetic_demo_calibrated_to_diagnostic_summaries,0.6412442395325098,1.1342248013468326,57.56217206582198,1012.8578336416973,1561.9263202816112,True
mia_0043,miami,Little_Havana,25.7683,-80.22019999999999,31.50175660110159,34.29175660110159,10.142790809744987,9.893384283817518,35.450046544314276,26.41336967398705,72.96304212121207,758.0412280428848,32.87826365494012,0.7256702131501229,0.09785503949536713,0.18221884081654735,0.24103943234622924,0.714007925351512,0.29968428201505826,0.26172848032368684,0.9331268476823751,3.0,0.0,0.7807321203440386,synthetic_demo_calibrated_to_diagnostic_summaries,0.6011046777282804,1.2032137175926132,39.5595778402506,642.434481976438,992.0811575795609,True
mia_0044,miami,Little_Havana,25.7683,-80.2178,31.385942164290597,34.175942164290596,9.681145193511213,7.761406842094802,35.43721875615373,26.541818846418597,68.39307379022165,749.6790257057282,40.396268587775765,0.6591584424886768,0.08477382919127029,0.17337394162877345,0.2531431783928662,0.6977272995920685,0.3275301467671021,0.2714801883163022,2.8831004308163695,1.0,0.0,0.15643366785695384,synthetic_demo_calibrated_to_diagnostic_summaries,0.5447914521723666,1.3156739913099256,53.14831992690671,794.8517446049286,1187.8016730923227,True
mia_0045,miami,Little_Havana,25.7683,-80.21539999999999,31.4440505246248,34.2340505246248,10.615023200095463,9.335014664638086,35.503663455188494,26.09724842209543,72.04628035411461,719.9985546562284,63.04739551592894,0.7676472066413149,0.07354828815363218,0.14170932133384356,0.19474580908631822,0.747309144365555,0.3863003103208454,0.2830890526968987,0.9953612576207538,0.0,0.0,0.3186602832594064,synthetic_demo_calibrated_to_diagnostic_summaries,0.5934043890747129,1.0468029450759195,65.99819930544074,1116.2951637806975,1758.9858119782937,True
mia_0046,miami,Little_Havana,25.7683,-80.213,31.327894185822913,34.11789418582291,10.515003028086946,8.938938785154031,35.57327754031982,26.682451769650093,73.63482919838515,844.0214380781525,57.9313624587197,0.7120910931825941,0.1788878617648183,0.26160052341131174,0.23632189041855267,0.7091408282652337,0.3635818754414241,0.20547406472443297,3.1927749107337227,0.0,0.0,0.4736260592835893,synthetic_demo_calibrated_to_diagnostic_summaries,0.6080201323765853,1.173533759809353,67.98440959705972,1149.503278379152,1763.4165629676418,True
mia_0047,miami,Little_Havana,25.7683,-80.2106,31.35705923065893,34.14705923065893,9.607722708390305,8.306505687008647,35.229143194988524,25.811162569778304,72.89316779142973,708.0465534201794,39.2806572103125,0.7317924404574078,0.20488074146143814,0.2930504823754487,0.2519135454686015,0.6946382374701109,0.3563214470752507,0.2885062319549582,2.4122180386445677,0.0,0.0,0.2000850805337467,synthetic_demo_calibrated_to_diagnostic_summaries,0.44716351021060136,1.1285169245833122,44.32888647059317,616.346431306491,954.6246756562343,True
mia_0048,miami,Little_Havana,25.770500000000002,-80.22739999999999,31.184146938857392,33.974146938857395,9.883238553810198,9.264593824155758,34.48201238981202,26.43693953236195,74.12315935511879,783.1728108497337,50.25436224417077,0.5822356268468964,0.09017158229232351,0.2052567916091146,0.3288148837622603,0.6175222399814411,0.3577525083753242,0.2539010941809806,3.088466473942699,1.0,0.0,0.23965046240041635,synthetic_demo_calibrated_to_diagnostic_summaries,0.3846128403900853,1.3275180089017482,66.71357090500877,912.9391262097407,1311.5983895260804,False
mia_0049,miami,Little_Havana,25.770500000000002,-80.225,31.42897416241285,34.21897416241285,10.426310992250446,9.528391194413164,35.59907915084702,26.43017147889283,74.90173113320122,806.9055469541532,41.48548568918211,0.714664561857666,0.13646941048805675,0.22213996950099263,0.2447730257512454,0.7034423891212853,0.3452305675164618,0.26471259395628544,2.168421547331313,0.0,0.0,0.12562663453799972,synthetic_demo_calibrated_to_diagnostic_summaries,0.6147455322636091,1.114456518646764,46.23376995553605,778.3843116215777,1195.5970738880144,True
mia_0050,miami,Little_Havana,25.770500000000002,-80.2226,31.380593829156947,34.17059382915695,9.370326906839441,7.6253540151113555,35.19837470302472,25.53741249244597,74.84840400400671,607.3852954857368,51.13200310529621,0.7505887825073433,0.10564688654058776,0.19983619154682492,0.2691123000178205,0.681908691788023,0.3265267212943763,0.2585910589644744,2.827862765862954,0.0,0.0,0.5034557553086089,synthetic_demo_calibrated_to_diagnostic_summaries,0.4124651494827678,1.1524882851168283,58.929034573411165,779.9411056293465,1219.0023893056682,True
mia_0051,miami,Little_Havana,25.770500000000002,-80.22019999999999,31.46315251131496,34.25315251131496,10.346873221367415,10.14995799571689,35.03354950202717,26.1582231281039,73.30577766211798,722.3636196167885,58.32202658819908,0.634068736458226,0.14539419788131627,0.24108836764882674,0.2734119136214585,0.6707540145430865,0.37222714556970005,0.26032204106076906,3.058853076297204,2.0,0.0,0.4429747202175065,synthetic_demo_calibrated_to_diagnostic_summaries,0.5363550024501592,1.3258101238136029,77.32393329196046,1229.1776193671697,1813.7149443633234,True
mia_0052,miami,Little_Havana,25.770500000000002,-80.2178,31.497160042178322,34.28716004217832,10.744489065770496,8.429935594662895,35.724671902352085,26.068375021262234,72.81924446079614,861.1588169848574,60.19852951430353,0.6789175970197749,0.10540412163264005,0.18513075828079678,0.2277903904233049,0.7221317202028672,0.3338525958255193,0.2836215054437237,1.9845063038295816,0.0,0.0,0.31924735524136355,synthetic_demo_calibrated_to_diagnostic_summaries,0.6394890951268617,1.1038496269412115,66.45012434677346,1170.550348421081,1766.5807707266065,True
mia_0053,miami,Little_Havana,25.770500000000002,-80.21539999999999,31.54700276966464,34.33700276966464,12.444798014815255,10.651177172859631,34.775190168403604,25.9877589057451,71.77500051151999,805.7271418296859,48.59809378682352,0.7589335006553537,0.07230502609578637,0.13321935877683694,0.17404095051728735,0.7734965346003028,0.3497500992160659,0.23546257059760872,2.5883165804897748,0.0,0.0,0.46272738596037555,synthetic_demo_calibrated_to_diagnostic_summaries,0.6215442500855481,1.1386730058699635,55.337337531792734,1116.6958873168073,1752.3193265133932,True
mia_0054,miami,Little_Havana,25.770500000000002,-80.213,31.235755731725632,34.02575573172563,10.39218459784785,8.876655940205124,34.55784874616236,26.516044994469468,69.70798697635887,704.3780381412462,54.10196032036572,0.7752689259401361,0.12955588559578876,0.20046571500354637,0.20259951259359316,0.738948727425524,0.3896783998725525,0.2739029794921354,2.915728458677202,0.0,0.0,0.2433528448262852,synthetic_demo_calibrated_to_diagnostic_summaries,0.44858092909101094,1.1575557383119481,62.626034622764664,942.7673414335018,1490.941009586943,True
mia_0055,miami,Little_Havana,25.770500000000002,-80.2106,31.159576782303578,33.94957678230358,9.79978356066221,7.70964587403672,36.045247403437415,26.05151473056874,72.44747276045433,753.1087798384484,41.31552524497599,0.7202797695167072,0.09314842417455196,0.18060321480501007,0.2498708303727375,0.7050609325238701,0.30045491402261576,0.25350951834131435,2.3113365102601175,1.0,0.0,0.17697299480528947,synthetic_demo_calibrated_to_diagnostic_summaries,0.5070509138138142,1.2826988127928425,52.99537518164341,782.6766539330873,1205.486273858861,True
mia_0056,miami,Little_Havana,25.7727,-80.22739999999999,31.35893559050121,34.14893559050121,9.94030101427741,9.50071014516978,35.166812634060925,26.5481704697122,75.07031327429203,831.3330585269234,43.05880952632176,0.5398608830005189,0.09990164508848368,0.18519456762195835,0.2436940643813562,0.6949931656003446,0.4087518001219944,0.17041167819746345,2.511622305550055,0.0,1.0,0.17504835615967845,synthetic_demo_calibrated_to_diagnostic_summaries,0.5249481706989347,1.2142498386912526,52.28415252157357,792.5463901343109,1113.444985631898,False
mia_0057,miami,Little_Havana,25.7727,-80.225,31.668829424855634,34.45882942485564,9.67035144285114,8.707083994305188,35.46295471601331,27.389526203954492,80.37227227622768,734.5491696785241,39.41590458202287,0.5843406917004257,0.03153960421778954,0.13804936691422157,0.30431360770409155,0.6468659561813213,0.3254695740972478,0.23236175490701907,1.811326657181144,0.0,0.0,0.25489762334264693,synthetic_demo_calibrated_to_diagnostic_summaries,0.6953249058776635,1.0938618862698486,43.115555735123905,706.8531344519503,1016.6354215891502,False
mia_0058,miami,Little_Havana,25.7727,-80.2226,31.567649232008126,34.35764923200813,11.007741655449596,9.549094636618932,35.874131922245425,26.713794728833633,72.05140688625643,750.1308471788907,47.89797728162645,0.7769572123146575,0.11691714952008364,0.22450862535200383,0.3074042166626291,0.6364676689565575,0.3741874292054225,0.2159936491019445,1.3988900007376417,0.0,1.0,0.6933093420903603,synthetic_demo_calibrated_to_diagnostic_summaries,0.7488292364267384,1.1500755438927672,55.08629227352995,1060.4475071303596,1678.3892613398837,True
mia_0059,miami,Little_Havana,25.7727,-80.22019999999999,31.761390292705922,34.551390292705925,10.920627009825479,8.751217965448454,35.9101458282987,27.67404344361635,70.36147111402317,822.0731338083317,41.94496989460495,0.6614492741634966,0.03326366572376652,0.1246693280579862,0.26115903524062767,0.6853196045025248,0.35680906837898346,0.2369280988016671,1.9301303484698331,2.0,0.0,0.09042430226130332,synthetic_demo_calibrated_to_diagnostic_summaries,0.8536071447674568,1.260713617881248,52.88059474774744,1070.4382022321709,1601.4686311596815,True
mia_0060,miami,Little_Havana,25.7727,-80.2178,31.495834108604004,34.28583410860401,11.287008253084931,9.858276389609786,34.9344498924685,26.27601306015197,74.6985632757245,677.111016767121,42.771481160255576,0.7855842810666911,0.11860931586608237,0.19401013339546008,0.21543090722679348,0.738974474745034,0.30396412018781704,0.2557185286257801,2.947632296492933,1.0,0.0,0.12243374616874377,synthetic_demo_calibrated_to_diagnostic_summaries,0.607201432668823,1.3193957193067793,56.432509151251764,1023.7136972114041,1626.873738842863,True
mia_0061,miami,Little_Havana,25.7727,-80.21539999999999,31.603651746186713,34.39365174618671,11.724061421196618,10.146641455708862,36.0873013641081,25.979898452064468,72.48530646935096,866.1754859997474,44.202048546542485,0.726118796344598,0.0520780791850318,0.10954392821858572,0.16418814009586832,0.787997718931466,0.3187609398177714,0.27134618437363284,1.0538425121800536,0.0,0.0,0.1761113052109823,synthetic_demo_calibrated_to_diagnostic_summaries,0.7677867860645595,1.0501757178929236,46.41991806470312,962.0825505318418,1486.0222182140833,True
mia_0062,miami,Little_Havana,25.7727,-80.213,31.204451172024154,33.99445117202416,9.901493436085893,8.397666332086484,35.972933998982974,26.44187304998638,74.9507470167351,861.4541360865412,40.60899476226956,0.7096051008630958,0.11254935706770769,0.19052295793706003,0.2227817167695781,0.7289012291744016,0.32211369370680215,0.23851323487345252,3.029665227665402,1.0,0.0,0.15470516340099427,synthetic_demo_calibrated_to_diagnostic_summaries,0.552625790851827,1.3241267812930972,53.771457526112236,826.6455049171506,1266.58940508822,True
mia_0063,miami,Little_Havana,25.7727,-80.2106,31.33590424376212,34.12590424376212,8.469301965320696,7.403420153603611,35.11637728870965,26.403786861819246,75.47259885938759,732.3799003691424,47.77747378720758,0.6006243507013306,0.013899204266611065,0.08911082720914147,0.2148903512643726,0.7337468380469232,0.34241873792469474,0.2475133890078228,4.102807528321073,0.0,2.0,0.107225365887011,synthetic_demo_calibrated_to_diagnostic_summaries,0.4040137283210978,1.26,60.199616971881554,715.8346223685757,1038.295401320819,True
mia_0064,miami,Hialeah,25.8499,-80.28649999999999,30.93630118049592,33.65880118049592,7.82410179576852,6.462310263738802,34.598744204424186,26.258129301129856,69.45999766459822,788.2767814514928,29.83388602550607,0.7709611740692427,0.17865018008117287,0.2861847574787264,0.3072416497072958,0.6611426013526115,0.21077165960061833,0.23010744121992832,1.5219812702451847,1.0,0.0,0.10852079099504028,synthetic_demo_calibrated_to_diagnostic_summaries,0.17123148143027586,1.2371745517874184,36.9097245716824,338.23460140359714,533.8089104603168,True
mia_0065,miami,Hialeah,25.8499,-80.2841,31.10791760698634,33.830417606986344,8.12140987563634,8.069467618378589,35.242965324084985,26.45853504861895,69.77570195854686,788.8380107488728,60.31914198291279,0.6488571635103306,0.14228674211850417,0.21672889702743303,0.21269187116836824,0.739050525890648,0.3217173529398917,0.21233307307463825,0.2976089872272738,0.0,0.0,0.7223705184481017,synthetic_demo_calibrated_to_diagnostic_summaries,0.32947556273453504,1.0065616761715424,60.71493665954995,655.5522833907432,974.5721297409718,True
mia_0066,miami,Hialeah,25.8499,-80.2817,31.16048020098097,33.88298020098097,8.788378548360596,6.933498254854348,35.33679380293955,25.643727293688293,74.68681861574348,893.9068365412227,50.8771899363952,0.7424337272051639,0.08163387455923844,0.1306930380898103,0.14016903865877672,0.8113699005188951,0.32307373881552093,0.23803143855793774,1.597694842945735,0.0,1.0,0.1638543895012978,synthetic_demo_calibrated_to_diagnostic_summaries,0.3306440662633839,1.1615411592038813,59.09595017575652,691.0800831865135,1075.890954654577,True
mia_0067,miami,Hialeah,25.8499,-80.27929999999999,31.186463797415005,33.908963797415005,8.994587859221747,7.9729728876797585,35.174315105529594,25.544355298561978,74.21456526290713,785.5174142323284,38.40903673018198,0.7463631473175066,0.1431263061547266,0.24932650871546078,0.30342915017352623,0.6420990634253771,0.36314524267397746,0.2973690488051562,2.4632968568528426,0.0,0.0,0.844224763603197,synthetic_demo_calibrated_to_diagnostic_summaries,0.32628278482170847,1.1314627787869507,43.458395429261756,518.4311497953294,808.6345782668361,True
mia_0068,miami,Hialeah,25.8499,-80.2769,31.11299134682593,33.83549134682593,8.087979046751602,6.5082030847013135,34.177382288795435,26.29787634243018,71.37232653966453,890.3622292976416,45.461295420299656,0.5775758870433206,0.13585383706573184,0.2080946482948178,0.2064023177973885,0.753617089360155,0.2665372856163764,0.27009202816069616,2.9819149073360283,0.0,2.0,0.2582642316262962,synthetic_demo_calibrated_to_diagnostic_summaries,0.2263321218285869,1.2413728906041273,56.43441970650556,559.7475292504613,802.220036045818,False
mia_0069,miami,Hialeah,25.8499,-80.27449999999999,31.115891144058494,33.83839114405849,8.784502508792754,8.665238945844932,36.230527949336484,25.77502762167226,77.10372235216292,829.6843198061723,38.00271616868849,0.8606758657268594,0.16072908949440223,0.2515171410850615,0.25939443311616933,0.6910263680173676,0.3305279924430872,0.24743453768224885,2.808749858850388,0.0,0.0,0.1438604585695903,synthetic_demo_calibrated_to_diagnostic_summaries,0.42378683722907534,1.1513859918484692,43.755795048821255,547.2650633353678,900.5284374615419,True
mia_0070,miami,Hialeah,25.8499,-80.2721,30.988882135584397,33.7113821355844,8.211843492278605,7.157197690353996,34.76888828331954,25.95550262229376,73.71084583463785,553.1066822958451,43.71122929888254,0.5763909749582479,0.18227677267933837,0.26536467813720027,0.23739401559389112,0.711632990966959,0.3398199562609993,0.25187215609526575,0.4916294012337137,0.0,0.0,0.20358873948097944,synthetic_demo_calibrated_to_diagnostic_summaries,0.20551242874171385,1.0177513605111845,44.48716308855406,440.3997542403245,630.7815870287897,False
mia_0071,miami,Hialeah,25.8499,-80.2697,31.013854618852584,33.73635461885259,8.869963162430547,7.423435455208609,36.16364916537124,25.96817066214145,77.40154375212713,766.3519794626521,50.91710365307677,0.7058908423628882,0.20721173753505678,0.30906763369979035,0.2910168461849531,0.666042474924269,0.28627119260518563,0.2502336496544141,1.4838046839972228,0.0,0.0,0.13509611182149414,synthetic_demo_calibrated_to_diagnostic_summaries,0.4071574384536576,1.0749728043503386,54.734501703344804,683.1651057178411,1044.845099678915,True
mia_0072,miami,Hialeah,25.8521,-80.28649999999999,31.05821628179933,33.78071628179933,7.9155834697055,6.242274813001362,36.10621565691205,25.993096683146284,72.42771861899635,658.000346095631,51.86066283135307,0.7612539529537223,0.07446849735722343,0.19686444862476882,0.34970271790727253,0.6144030147703637,0.23929511548242477,0.2632845607834126,0.0,0.0,0.0,0.3162177637560893,synthetic_demo_calibrated_to_diagnostic_summaries,0.35424492049887996,1.0,51.86066283135307,555.9275686386454,873.329113025236,True
mia_0073,miami,Hialeah,25.8521,-80.2841,31.059339864855932,33.78183986485593,8.654316032471291,8.254212065413963,35.22073859690255,25.617744410707267,71.93915577515907,679.4940154093346,45.91242088835561,0.6579583252206919,0.07381161381618948,0.16135996807088765,0.2501381550134234,0.7022893992068586,0.31714963853145306,0.24151120735423676,0.9426389385106045,0.0,0.0,0.1536375457543236,synthetic_demo_calibrated_to_diagnostic_summaries,0.27616463681893166,1.0437623057106367,47.92165428718725,529.2626636026855,790.4372454120846,True
mia_0074,miami,Hialeah,25.8521,-80.2817,31.15470513187408,33.87720513187408,8.219118472246523,7.485558908911399,34.797266850925325,26.23882164830854,67.95302055462692,851.841768355394,62.200607541414996,0.7093315541677977,0.12657926165573608,0.18171263003584298,0.15752390965744828,0.7951820113041357,0.3152938602561069,0.26203739507508006,0.20202664568811213,2.0,0.0,0.16230623857571227,synthetic_demo_calibrated_to_diagnostic_summaries,0.2838268912449486,1.1610491828818847,72.21796456071668,762.0385685903041,1167.4420702357775,True
mia_0075,miami,Hialeah,25.8521,-80.27929999999999,31.125497055552483,33.84799705555248,8.033910898704697,7.812775506944745,34.66036471191746,25.450557977787142,75.24766878160257,866.1458052707735,77.71084289364778,0.5551654713185065,0.15846529799139084,0.23947599756747281,0.23145914164594852,0.7201845089331098,0.3223756628062778,0.2894443924792435,1.0324577974865057,0.0,0.0,0.26885501717524857,synthetic_demo_calibrated_to_diagnostic_summaries,0.18521592570555023,1.0489424033041497,81.5141983076541,776.1716052792497,1099.349361580922,False
mia_0076,miami,Hialeah,25.8521,-80.2769,31.07192581555942,33.79442581555942,8.619577101854023,8.432715840615542,35.47648647105455,26.38053911946419,70.81416854422142,749.7932679337829,39.49053412807764,0.6271077365297197,0.1524607325172932,0.274639688461628,0.3490827312695281,0.6087633238469211,0.28102629922367195,0.2425483595239326,1.2973031135044173,0.0,0.0,0.14507614789218443,synthetic_demo_calibrated_to_diagnostic_summaries,0.3695421104374861,1.0642167521413544,42.0264879701101,496.11738738114434,729.456676271365,True
mia_0077,miami,Hialeah,25.8521,-80.27449999999999,31.080181361637937,33.80268136163794,8.729669109775115,7.001190422067705,33.97308767611644,26.49169372953614,73.08827072675491,784.2008605861106,38.881706208587815,0.6588355108706772,0.06263080533663874,0.15560135820094523,0.2656301510408757,0.6891894637307223,0.3012025681893466,0.2702452605661041,0.7900885609142676,0.0,0.0,0.3171099516933853,synthetic_demo_calibrated_to_diagnostic_summaries,0.2745985043734532,1.0349643110257083,40.24117827767509,447.75647569297917,669.0048754996076,True
mia_0078,miami,Hialeah,25.8521,-80.2721,31.07379370463657,33.79629370463657,8.111325089150904,7.6136408237702,35.862677807102514,26.16923402100795,73.96254893897382,685.268436166858,56.08329061600038,0.5943380525277918,0.11402546501923216,0.234418775915317,0.34398088827452816,0.6179789299439751,0.25360121187664497,0.2547848689971615,2.1620307351836736,0.0,0.0,0.0486738970951216,synthetic_demo_calibrated_to_diagnostic_summaries,0.3605246991191396,1.1140879431493236,62.481717887425624,689.5268777542113,996.8859240217164,False
mia_0079,miami,Hialeah,25.8521,-80.2697,31.000271381609807,33.7227713816098,7.928018669146264,6.266982949922182,35.1622776437048,25.289476725879375,81.74273394524626,706.7866937966766,45.40532608811813,0.6670738835503534,0.1227088207646226,0.2139105752863625,0.2605764414906855,0.6944378032592214,0.29990503500062066,0.2587226413686667,2.2257034991051508,0.0,0.0,0.327962883274948,synthetic_demo_calibrated_to_diagnostic_summaries,0.19376561199149162,1.1177601244141788,50.752262937321284,480.3293668489847,720.6407489444107,True
mia_0080,miami,Hialeah,25.854300000000002,-80.28649999999999,31.112557201217715,33.835057201217715,8.80471911501788,8.242914042377855,35.11669815619668,26.50208482990464,67.70433905409145,745.7352697212816,55.02884136169758,0.6584665899596284,0.180150765758616,0.29507052159475244,0.32834215953181844,0.6301424597578136,0.2767692047357866,0.26437814882434324,2.667612128743973,1.0,0.0,0.35666023111090617,synthetic_demo_calibrated_to_diagnostic_summaries,0.36572746928435335,1.303246195547179,71.71612815000162,862.3754508451243,1288.2595176322889,True
mia_0081,miami,Hialeah,25.854300000000002,-80.2841,31.13535224815623,33.857852248156235,8.754749654255365,8.720136142698205,35.51125048107396,25.431425965078045,74.16542260255463,769.0035114743886,49.59819463539615,0.6252933016629155,0.09872009772080685,0.19595054647302027,0.2778012821491812,0.6680614212382908,0.36091531075018657,0.2760889090754268,0.5462583275316424,0.0,0.0,0.16451316359371948,synthetic_demo_calibrated_to_diagnostic_summaries,0.3268287071147056,1.0209019590923583,50.63489407072002,588.1776215229717,864.0152667177264,True
mia_0082,miami,Hialeah,25.854300000000002,-80.2817,31.070192414591304,33.7926924145913,8.39253175735404,7.4767454835839775,34.319857713200385,25.95795223585608,70.82195470689707,688.2212910555467,63.36743532961782,0.5146454198473691,0.06287909098560238,0.15286372950448382,0.25709896719680414,0.6937009087626649,0.32800082693687327,0.25317741762068346,2.091620030394242,0.0,0.0,0.3355221389794345,synthetic_demo_calibrated_to_diagnostic_summaries,0.20446674768623777,1.1100271665307389,70.3395746892555,711.0293795262969,985.475389688891,False
mia_0083,miami,Hialeah,25.854300000000002,-80.27929999999999,31.15422860735163,33.87672860735163,8.74799011835568,7.950961512891694,34.59025209559879,26.23568187883555,67.78685621458861,725.4619061732125,47.37478312756351,0.6969190814111597,0.05779186192571917,0.173477208193916,0.3305295607662767,0.6261617041973798,0.2887249002422897,0.2225282008796584,3.6996852400211453,0.0,0.0,0.5128629789179697,synthetic_demo_calibrated_to_diagnostic_summaries,0.29578959122101195,1.18,55.90224409052494,633.6829367668854,964.9022344150131,True
mia_0084,miami,Hialeah,25.854300000000002,-80.2769,31.08023264891377,33.802732648913775,8.286738851716569,6.362774652220704,35.60389029195065,25.544879684384235,74.81887346832613,662.1619685817118,46.27064058025454,0.6713937039249924,0.03163828498830681,0.11360526519869207,0.23419137202967222,0.7199876384287012,0.3054732636108441,0.22961948445835517,1.3772590951075796,1.0,0.0,0.1303456216497353,synthetic_demo_calibrated_to_diagnostic_summaries,0.2935396829792689,1.228828030803897,56.858660148269074,609.4808024398332,916.3819825057753,True
mia_0085,miami,Hialeah,25.854300000000002,-80.27449999999999,31.04339874184281,33.76589874184281,8.250944553335781,6.869326560355966,35.78209557433014,25.887945469416085,73.33405128819433,795.4608207933178,50.06552343800897,0.5368499132203994,0.1271327634129356,0.2476742307416842,0.3444041923678532,0.6121948720851118,0.28933957031356666,0.2874387216196054,1.1441968569833247,0.0,0.0,0.2180880421959023,synthetic_demo_calibrated_to_diagnostic_summaries,0.3279592395505007,1.055386698408769,52.83848748534712,578.9469775070725,812.0527034824859,False
mia_0086,miami,Hialeah,25.854300000000002,-80.2721,30.963008318505175,33.68550831850517,7.567902634257753,5.81606665849136,34.57420535463104,25.4925281918478,73.21125738198187,715.8942242821031,81.84052686452944,0.8138949558610864,0.11320823746451465,0.21780457954202787,0.29884669165003774,0.6480581590166754,0.3539676622219125,0.2788638888083091,0.9754263744541282,0.0,0.0,0.15409561585236672,synthetic_demo_calibrated_to_diagnostic_summaries,0.09558183995631837,1.045653246209826,85.57681258741768,709.539320101114,1142.657175312665,True
mia_0087,miami,Hialeah,25.854300000000002,-80.2697,30.943591716207933,33.66609171620793,7.684632569014524,7.534177038821811,34.9913112354518,26.267269608949203,77.38706579042008,589.4537035726875,54.23774640162429,0.5387877706098392,0.08589536232418819,0.15136613908567625,0.18705936217568014,0.7597236337395024,0.35478002723211666,0.2689074761220834,0.9028551631861961,0.0,0.0,0.3987803557165595,synthetic_demo_calibrated_to_diagnostic_summaries,0.20728560916835134,1.0414678673135276,56.4868700727916,524.0595531381941,735.8272118647812,False
mia_0088,miami,Hialeah,25.8565,-80.28649999999999,30.9156640534756,33.6381640534756,7.489408888769982,6.388949965784957,35.13689135596045,25.899781540536807,71.6709635402756,738.6901266000333,50.4826260095778,0.6305425112770479,0.15858096552462378,0.266379312536131,0.307995277175735,0.6566176939566722,0.23591352578395192,0.25022905669778817,1.3492228596599443,0.0,0.0,0.33192909555505595,synthetic_demo_calibrated_to_diagnostic_summaries,0.1732121771239386,1.067211104944124,53.875619084162494,473.3870546914314,697.2550513948166,True
mia_0089,miami,Hialeah,25.8565,-80.2841,30.94484863098582,33.66734863098582,7.000344499958142,6.175251921268773,35.32946673500438,25.10177287594006,72.21751462478625,845.5210066352315,62.66302038853354,0.7197918306815938,0.1564136206644951,0.25381560294017813,0.27829137793052305,0.6741875604103253,0.3168070777276773,0.24613618774482665,2.1871858351612214,1.0,0.0,0.22498889296762137,synthetic_demo_calibrated_to_diagnostic_summaries,0.13399981145222892,1.275538706099822,79.92910794669683,634.5083787238054,977.043839352119,True
mia_0090,miami,Hialeah,25.8565,-80.2817,31.093743386089823,33.81624338608982,8.760264313699647,8.233205420387623,34.438595011207106,25.49479411805201,75.63686208310268,617.3590044585698,46.236964058237305,0.5789377034658592,0.13700220386669829,0.2261815576827641,0.25479815376018805,0.7002540816499263,0.2996517639325708,0.3043483680714818,1.8087884108220205,0.0,0.0,0.3403267410571298,synthetic_demo_calibrated_to_diagnostic_summaries,0.19926774906395428,1.0937154987070743,50.57008420365609,531.2843722750678,761.969788054239,False
mia_0091,miami,Hialeah,25.8565,-80.27929999999999,31.111362650306422,33.83386265030642,8.831364757203929,7.017853223588192,35.256305388265616,26.521002186242832,77.23753920988301,771.0062990405336,59.285652607279566,0.5342734148023982,0.10059943877924965,0.19322766237852784,0.2646520674265091,0.6825854721871679,0.35174973590881975,0.27180130610762293,0.9323115020510094,1.0,0.0,0.4698505617264788,synthetic_demo_calibrated_to_diagnostic_summaries,0.3836976081809211,1.2031666943951347,71.33052267255886,871.6545853602778,1220.9309892467309,False
mia_0092,miami,Hialeah,25.8565,-80.2769,31.002012579850877,33.72451257985088,7.3938014374748455,6.980947158527779,35.1353806638392,25.19885535952901,73.30434229195015,685.5508189395698,69.10761923349496,0.725236920440058,0.17269295419689834,0.23369906631838863,0.17430317748997226,0.7706448488492059,0.3670131577388122,0.2112174653412045,1.4345520154090687,0.0,0.0,0.5629542989834703,synthetic_demo_calibrated_to_diagnostic_summaries,0.15644744893105422,1.072132269156098,74.09250862478255,633.5311669165429,978.1263112895554,True
mia_0093,miami,Hialeah,25.8565,-80.27449999999999,31.001816393608642,33.724316393608646,7.814258214560593,7.351301112846932,34.42136041541527,26.249458400994584,72.60992181550453,762.2659070508921,64.42518488899358,0.6100884834923598,0.0700693429232298,0.15874855351316558,0.2533691731141023,0.7028306491770856,0.29200118472541403,0.22772792124064303,2.2823495550041777,3.0,0.0,0.6093211651015297,synthetic_demo_calibrated_to_diagnostic_summaries,0.17091099924278283,1.2810270563390576,82.53040495244699,755.1367730451543,1100.6619595674788,True
mia_0094,miami,Hialeah,25.8565,-80.2721,31.021334362125387,33.743834362125384,7.478680656226773,6.011445306140368,34.58974153095325,25.85989751471765,67.84251659837186,850.5456977921559,61.83618795816896,0.5684498093008523,0.18922150630063472,0.28767604638123107,0.281298685944561,0.6793556860380936,0.26230418678230266,0.24250654783091927,2.3859422478102705,1.0,0.0,0.279031832607587,synthetic_demo_calibrated_to_diagnostic_summaries,0.14018431596830044,1.2870015283467053,79.58326840929759,678.6124497953215,967.9302880518226,False
mia_0095,miami,Hialeah,25.8565,-80.2697,30.871637563633744,33.594137563633744,6.48958243529296,6.234431472076304,34.54465599681528,25.161078245096824,73.73611302698599,775.0711840959059,77.58982821543361,0.5815905535176767,0.13243955442351188,0.2657390736358838,0.38085576917820546,0.5771571960301997,0.27991356527729916,0.23272691334189932,1.8451292537356567,0.0,1.0,0.2297633616857656,synthetic_demo_calibrated_to_diagnostic_summaries,0.013948265037404208,1.1758113738391964,91.23100250993625,600.3091972607422,862.1598159982126,False
mia_0096,miami,Hialeah,25.858700000000002,-80.28649999999999,30.954969517326727,33.67746951732673,7.480449054371218,5.813556225526957,34.28479141331613,26.63360419051507,73.31407008966438,813.8899825138749,49.604267573530414,0.7316889627467997,0.1651706622943319,0.2584692928519574,0.26656751587893013,0.6874641677925889,0.3064554421898733,0.24708624999614126,1.5546421697392503,0.0,0.0,0.4008812319407862,synthetic_demo_calibrated_to_diagnostic_summaries,0.1663689171810265,1.0790581945858264,53.52589141164598,467.0114362167046,723.291771233925,True
mia_0097,miami,Hialeah,25.858700000000002,-80.2841,30.998230873951247,33.72073087395125,7.723546902357745,7.313340801244519,35.04216469249161,26.38429907104271,73.69498133270955,787.4407656156029,56.22653080009258,0.5375780906167044,0.1270868733866338,0.22101262109165348,0.2683592791571991,0.6897440232539848,0.2793113172587744,0.23581154537945948,2.2362586095736483,0.0,2.0,0.15316816032467082,synthetic_demo_calibrated_to_diagnostic_summaries,0.2419351129703206,1.1983688663082592,67.38012397135337,646.3198582527283,906.9054047480989,False
mia_0098,miami,Hialeah,25.858700000000002,-80.2817,31.096958597044743,33.81945859704474,8.552084272273438,7.319846777537313,35.08291705949273,26.1606777105766,77.77065641686534,713.7789918784608,59.32336205537764,0.8199464556231952,0.08281339299931641,0.15306322203031614,0.20071379723142777,0.7490321493389953,0.33502702286384617,0.22206374024156258,1.7918431074999632,1.0,1.0,0.4227876972900514,synthetic_demo_calibrated_to_diagnostic_summaries,0.31199114901090486,1.3327382170319253,79.06251177402338,887.1018490816475,1432.6338617801073,True
mia_0099,miami,Hialeah,25.858700000000002,-80.27929999999999,30.913338589892295,33.635838589892295,7.547541683915657,6.3309116154117415,34.41648965133905,26.311960543691654,71.61233285102625,780.6214989790865,53.196539608477636,0.6242777542885988,0.12491687850922502,0.2017848003118517,0.21962263372179047,0.7368381755331328,0.29026127163384496,0.2797845264275569,2.389469224736041,0.0,0.0,0.23351264820788276,synthetic_demo_calibrated_to_diagnostic_summaries,0.13437571674540677,1.1272049386871825,59.96340216774431,513.3915390240708,753.7657268136066,True
mia_0100,miami,Hialeah,25.858700000000002,-80.2769,31.048402754238783,33.77090275423878,8.32608906643104,8.311118669347078,34.74704307272367,25.324317425804058,71.52142069331332,683.4973331230875,55.954225119584095,0.9171694580825879,0.0858752588178799,0.1690758466972811,0.23771596536971773,0.7231322632961855,0.2610118088939784,0.294768487471307,2.2664865085261945,0.0,0.0,0.33895768621511424,synthetic_demo_calibrated_to_diagnostic_summaries,0.1899845171352817,1.1201121913560985,62.675009714329796,620.978799071202,1048.135890539885,True
mia_0101,miami,Hialeah,25.858700000000002,-80.27449999999999,30.98107807363251,33.703578073632514,8.065509591962323,6.230064314302017,33.90307407060282,26.00257909882871,72.8965754048961,695.9412738364349,52.590897686293644,0.6364594289040238,0.13258388765617624,0.23790632081937851,0.3009212376091494,0.6610202473844617,0.2537234333759255,0.20066752812898617,0.7710959706329672,0.0,0.0,0.22286260531538404,synthetic_demo_calibrated_to_diagnostic_summaries,0.15947124940688215,1.0338689567500863,54.37209652547894,508.47297505138295,751.1897895371328,True
mia_0102,miami,Hialeah,25.858700000000002,-80.2721,30.91322067818131,33.635720678181315,7.264537431724373,6.846991285765433,34.009148654745935,25.591410026091385,75.61246831109992,868.0444999210188,52.99312696159105,0.7336887555312698,0.16749125584993146,0.2614852251959815,0.2685541981315716,0.6811693778318152,0.33517616024408803,0.2639562143936346,2.4277509729053492,0.0,0.0,0.44090618851345315,synthetic_demo_calibrated_to_diagnostic_summaries,0.054923547558736886,1.1294127510979426,59.851113310973105,458.67089808486924,711.0621583955924,True
mia_0103,miami,Hialeah,25.858700000000002,-80.2697,30.848198172759588,33.57069817275959,6.815848614223342,5.670458410373461,34.955747240669105,25.89121184478104,73.18809490971014,814.0777865307932,57.34699853976509,0.6778720758613366,0.1607766816106811,0.2538830687032601,0.2660182488359401,0.6845036929580155,0.3298537213736293,0.2873371413370684,1.5926325925479334,0.0,0.0,0.25620778535219113,synthetic_demo_calibrated_to_diagnostic_summaries,0.10894660924310386,1.0812492054716427,62.00639660730446,468.6699052059034,706.9435863576496,True
mia_0104,miami,Hialeah,25.8609,-80.28649999999999,30.916823919969467,33.63932391996947,7.6418753848168155,6.234718246245338,35.07637133698125,26.25534554489256,73.74680173118998,848.1380394534315,44.32206213187193,0.6891680300088042,0.19425278398935444,0.28623353819192215,0.26280215486447916,0.6766707744204878,0.4035138047668866,0.24865882124805572,1.5187802118853655,1.0,0.0,0.23602759579238242,synthetic_demo_calibrated_to_diagnostic_summaries,0.2066672932479612,1.2369899380560099,54.82594489101888,505.5610625664828,766.8734537200584,True
mia_0105,miami,Hialeah,25.8609,-80.2841,30.96894573583601,33.69144573583601,7.856044877223846,6.0965883602541995,34.59701527228819,26.239939672672566,70.57163881270802,723.4922948649531,58.641085902232454,0.6801867576463435,0.13944645769990494,0.22522386557915425,0.24507830822642668,0.7135021563308774,0.2761302362846392,0.22773283141570955,2.0660258504781126,1.0,0.0,0.249136504288697,synthetic_demo_calibrated_to_diagnostic_summaries,0.18162359435874972,1.268551080647405,74.38921289161428,690.5467305851753,1042.8222868451853,True
mia_0106,miami,Hialeah,25.8609,-80.2817,30.930235134570044,33.652735134570044,7.33013591499668,6.118860014585298,35.23173856128338,26.133326515225345,74.44308599429097,733.8613744223283,55.60383602260363,0.5505056656239535,0.1174489475164844,0.232742068003507,0.3294089156772074,0.6305565838084148,0.2668966700958515,0.251010408078339,1.8413586571428917,0.0,0.0,0.1260728356320685,synthetic_demo_calibrated_to_diagnostic_summaries,0.19452076801352794,1.0955939132907213,60.91922430197989,533.4087025741816,753.6420872193386,False
mia_0107,miami,Hialeah,25.8609,-80.27929999999999,30.997546976271565,33.72004697627156,8.665273503108963,7.655564710429173,34.889972393386,26.003175809420966,72.4590789314514,703.0626711357327,53.83076514177455,0.6633124949187259,0.16488625330332424,0.24994473082196128,0.24302422148182015,0.7160622194458325,0.27275706048231585,0.23002565326006963,0.31495074630843445,0.0,0.0,0.38820395188617884,synthetic_demo_calibrated_to_diagnostic_summaries,0.2548755316266245,1.007561822527306,54.237823834285734,589.7734017202267,883.1764516190374,True
mia_0108,miami,Hialeah,25.8609,-80.2769,31.021747895897846,33.74424789589784,8.337551028343286,7.564134818074961,34.69711643609278,25.982518468484844,73.03383308985597,656.010659773825,43.72676958414685,0.8200488816047841,0.11884720143484444,0.19793008947287286,0.2259511086800812,0.721671379272983,0.34918341364623895,0.2987505939697602,1.811118567466009,0.0,0.0,0.1388967845169534,synthetic_demo_calibrated_to_diagnostic_summaries,0.21839573702909434,1.093849885170693,47.830521888504386,485.88332559357457,784.7193839011426,True
mia_0109,miami,Hialeah,25.8609,-80.27449999999999,30.988377943117605,33.71087794311761,8.66921220239659,8.608679812089665,34.53712468989596,25.95230097776665,72.88270323635034,738.651874690083,43.23056475674419,0.8024546502096,0.1533404310521665,0.24324183325474885,0.2568611491502353,0.7031042188229687,0.266897546845307,0.22139277678390878,0.9648447428250864,0.0,0.0,0.48146220192303074,synthetic_demo_calibrated_to_diagnostic_summaries,0.2101229747851745,1.0450429747683714,45.17779799430466,473.9518241583926,759.1954581118113,True
mia_0110,miami,Hialeah,25.8609,-80.2721,30.875630761240767,33.59813076124077,7.232479517875898,7.223455946128946,35.41792395697269,25.974304021085064,73.9959864803708,798.5647066625478,63.9435684974639,0.4456859393890272,0.2016839287514843,0.32003332459267647,0.33814113097483484,0.615865988314234,0.3066192047395411,0.28025433979684694,0.8540395422348501,0.0,0.0,0.17808248172902852,synthetic_demo_calibrated_to_diagnostic_summaries,0.1928712395940899,1.038652537843758,66.41514969867706,572.9911788047451,764.5217626451592,False
mia_0111,miami,Hialeah,25.8609,-80.2697,30.86668645664495,33.58918645664495,6.5727247768156225,5.883308876971168,34.59341756013076,26.621162120067382,69.16573491186459,621.1099743809702,53.33629807039359,0.7417553967540574,0.12939573094671927,0.2247406749190637,0.2724141256352698,0.6876285578800331,0.2663821098979809,0.2789382419036473,0.0,0.0,0.0,0.2717197638568496,synthetic_demo_calibrated_to_diagnostic_summaries,0.11565318539940493,1.0,53.33629807039359,391.108744545473,608.6890110337043,True
mia_0112,miami,Hialeah,25.863100000000003,-80.28649999999999,31.050126413787293,33.77262641378729,8.630260205830862,6.59414193005113,34.79642612558708,25.750125719287887,80.71755231090918,738.5716666078032,65.64310756286737,0.6216055515246811,0.0651651544340722,0.14894066604766454,0.23935860461026381,0.7072925107811169,0.3556592307241287,0.2960810241960844,2.5421939196409644,1.0,0.0,0.17649287418679083,synthetic_demo_calibrated_to_diagnostic_summaries,0.237339481551739,1.2960129867248364,85.07431989045143,908.4713730777316,1332.0045097575073,True
mia_0113,miami,Hialeah,25.863100000000003,-80.2841,31.044343762436217,33.76684376243622,8.355468922976716,6.94944894725266,34.90914529138849,26.93809826091529,74.21494695677403,789.3625424997274,55.95290223273799,0.7046508637279908,0.1738978480649087,0.2603261153999395,0.24693790667151658,0.698349385537062,0.3647513852761425,0.261678180503972,1.569371633498145,0.0,0.0,0.06670898559083685,synthetic_demo_calibrated_to_diagnostic_summaries,0.3298495231533594,1.0799076827739547,60.42396899463372,671.401920197851,1026.2298774298865,True
mia_0114,miami,Hialeah,25.863100000000003,-80.2817,31.016917620696006,33.739417620696,8.43995309983426,7.925274805785262,35.43888606647268,26.436717063041332,75.50357664210718,863.5623500696535,52.88797380440572,0.6157613256458552,0.0981496450549281,0.21991010989175105,0.3478870423909228,0.6040484313042302,0.32043017536564666,0.25899189680131574,4.013948713625808,0.0,0.0,0.4070910826239527,synthetic_demo_calibrated_to_diagnostic_summaries,0.34159744595992486,1.18,62.40780908919874,706.644840689626,1032.9882635875122,True
mia_0115,miami,Hialeah,25.863100000000003,-80.27929999999999,31.088866429924956,33.81136642992496,8.788651471511258,8.732822471018467,35.87453433796614,26.572572257295107,73.97197076881643,869.8998939499263,33.58082846850845,0.5533333877520914,0.16272509071268196,0.24457298046248616,0.23385111357086918,0.7198723819444436,0.30851002989791493,0.2659266884758251,1.9200649042760194,0.0,0.0,0.500373726534079,synthetic_demo_calibrated_to_diagnostic_summaries,0.44476071020831887,1.1001331163714259,36.943381473394496,469.0885249972118,663.7602820164659,False
mia_0116,miami,Hialeah,25.863100000000003,-80.2769,30.946736326819025,33.669236326819025,7.946006247975702,7.386509201784466,34.90338397639796,25.963788736594122,70.90293444068823,740.8407202927563,31.925140117482,0.6280772427336291,0.09442261630890869,0.19640572697038028,0.2913803161756331,0.6628083515183785,0.3054088820399231,0.30778736267368423,2.2035557181299747,0.0,0.0,0.5779452990528532,synthetic_demo_calibrated_to_diagnostic_summaries,0.1903240981393591,1.1164828017200445,35.6438698836713,337.1312243826503,495.93956176990093,True
mia_0117,miami,Hialeah,25.863100000000003,-80.27449999999999,31.007600009126474,33.730100009126474,8.030555183572988,7.468850028929665,35.30195164823405,25.749916708971895,72.45010733071823,728.7751435078817,41.23452378561974,0.5801282557732057,0.05119799762022241,0.13779111472793842,0.2474089060220458,0.7160504212664723,0.24360448474321247,0.26926397830544496,1.4464719863362479,0.0,0.0,0.12780865950127804,synthetic_demo_calibrated_to_diagnostic_summaries,0.23932699107655805,1.0728197262605264,44.237210520171736,440.27012071997757,631.829973621732,False
mia_0118,miami,Hialeah,25.863100000000003,-80.2721,30.78511882111734,33.50761882111734,6.524700062585255,5.741334230925537,33.621568922644684,26.031612979738664,71.10374253157326,629.7164420846111,68.21035253799288,0.7598972678795131,0.11539849390920841,0.19456598290318233,0.22619282569706842,0.7375238459742914,0.2418888555242676,0.2167594760079784,1.2040136490194868,0.0,0.0,0.14222909639288184,synthetic_demo_calibrated_to_diagnostic_summaries,0.04534613332587787,1.0588364953001026,72.22361062451283,492.60619058359634,773.3537643573535,True
mia_0119,miami,Hialeah,25.863100000000003,-80.2697,30.86840400000186,33.590904000001856,7.823631040955506,6.888983789255074,34.80353589840761,26.266619731266932,73.82924309276126,764.9079211113251,42.93302736740627,0.6381642857339753,0.08126597131636812,0.16570373659295995,0.24125075793311956,0.718359135261048,0.2692673787055497,0.2630741710130947,1.01351845787338,0.0,0.0,0.431790301686878,synthetic_demo_calibrated_to_diagnostic_summaries,0.19020259936680178,1.0478501201392187,44.98737788487703,418.90923663930045,619.4089219797635,True
mia_0120,miami,Hialeah,25.8653,-80.28649999999999,30.983218465543906,33.70571846554391,8.17593364518305,7.842030040756369,34.0249197317848,25.246264680731638,71.18620415146138,671.8410853305706,52.9401628043114,0.6230519410786487,0.11716633369288151,0.21939142505648845,0.29207168961030555,0.6581815253603862,0.3316452335287216,0.23517247277796016,2.5967509478578066,0.0,0.0,0.194801603694732,synthetic_demo_calibrated_to_diagnostic_summaries,0.12445701332330049,1.1391594387483601,60.30728614740618,554.4341865395053,813.5151586323556,True
mia_0121,miami,Hialeah,25.8653,-80.2841,31.02187668453228,33.744376684532284,8.13720814760707,7.294201035472069,34.88184237109184,26.326736381315754,73.6351413525118,887.1568897298074,52.38078731003906,0.5783144244509459,0.11763048168417893,0.21949122893299716,0.2910307064251949,0.6605028147550934,0.32310985879807796,0.2775250722005687,0.17470434506957844,0.0,0.0,0.23912037339103276,synthetic_demo_calibrated_to_diagnostic_summaries,0.2541900664995697,1.0,52.38078731003906,534.5776577582612,766.4431356113639,False
mia_0122,miami,Hialeah,25.8653,-80.2817,31.087303314141106,33.80980331414111,8.525028153817416,6.952988394685888,35.70324088128576,25.868074140843177,66.42236952757777,798.7153750917671,80.91278887338835,0.7581593942479319,0.17021097534577181,0.27358520810047127,0.2953549507277128,0.6535493165559298,0.3406382181090493,0.2371402542851903,1.7023328896228866,0.0,0.0,0.3010760299798083,synthetic_demo_calibrated_to_diagnostic_summaries,0.34922789259875614,1.087575919609017,87.99880076710556,1012.1803139646538,1587.7258242434964,True
mia_0123,miami,Hialeah,25.8653,-80.27929999999999,31.068032265244288,33.79053226524429,8.305865144517561,8.01301331679958,34.212295685379054,26.29012829495606,77.30798205330314,744.9328880396691,46.24440984316725,0.6711366012970251,0.10788600289638643,0.1709326844298295,0.1801333758098374,0.7720693961322265,0.31864818705290754,0.2841464169758714,1.808786314065921,0.0,1.0,0.038949568852981994,synthetic_demo_calibrated_to_diagnostic_summaries,0.22613790721435018,1.1737153777814542,54.277774969353445,552.772247813491,831.0115135801386,True
mia_0124,miami,Hialeah,25.8653,-80.2769,30.981924393807148,33.704424393807145,8.257164103604104,8.155321978588159,35.289144455253386,25.333154343075066,70.40397150369449,804.1866829647004,50.211802631207306,0.6730963324802036,0.11695202777678074,0.19206986128164436,0.2146223814424675,0.735624446843187,0.33168781142897025,0.2673404577646205,2.6365120961674124,0.0,0.0,0.440302563095197,synthetic_demo_calibrated_to_diagnostic_summaries,0.22330464814770826,1.1414525721840583,57.314391267389844,578.9342267743605,871.193105366174,True
mia_0125,miami,Hialeah,25.8653,-80.27449999999999,31.062283164143615,33.78478316414362,7.788376572709287,7.597852765160494,35.779786253138084,26.398110400453316,66.70238097231626,864.30870396076,56.207558271197534,0.472347453298811,0.1578688099324372,0.2810487602045894,0.351942715063292,0.6022066849666459,0.3056706664670811,0.24699117544537438,1.4959695502462433,2.0,1.0,0.5261581759206044,synthetic_demo_calibrated_to_diagnostic_summaries,0.3462471389930111,1.315674385233245,73.95084467391962,775.3804986917742,1050.0672516127404,False
mia_0126,miami,Hialeah,25.8653,-80.2721,31.02919438402949,33.75169438402949,8.392235885787501,7.5002860653739845,35.513193786306424,25.632751857794553,77.11702702859955,753.9128017075785,42.88356623656135,0.5865756016814011,0.20413725100692787,0.295804044136331,0.26190512322686604,0.6920341867170369,0.30707126704064713,0.27143814170242925,2.8130436457354926,1.0,0.0,0.4075772477454037,synthetic_demo_calibrated_to_diagnostic_summaries,0.2824421789100446,1.3116336262023698,56.247527487350474,605.3672361764176,871.6874742752093,False
mia_0127,miami,Hialeah,25.8653,-80.2697,30.987670200937615,33.71017020093761,8.084626609594999,6.560636128476038,34.94375236163577,26.5521969952883,71.36865158694182,774.3294680214372,35.46292454117454,0.6858202006463344,0.17299980353039685,0.29902269185700303,0.3600653952188748,0.5983708169195998,0.27709191907683595,0.2971365106375619,2.6306319431870553,0.0,0.0,0.37842714662965443,synthetic_demo_calibrated_to_diagnostic_summaries,0.2659083893325806,1.1411134477880203,40.46722009182607,414.15758173077,627.185808582118,True
mia_0128,miami,Kendall,25.6716,-80.3257,31.85873340949449,35.16623340949449,7.929250867331845,7.1019970042633025,36.62741218544339,26.58549668886042,70.94633192746059,774.8022106654741,26.56889501564231,0.5037340071860603,0.23443944737074446,0.41656797434250986,0.5203672199193298,0.44770665596678216,0.2128408274259207,0.2197729811010655,2.3259008961859973,0.0,0.0,0.4883102861610482,synthetic_demo_calibrated_to_diagnostic_summaries,0.669113140052099,1.1235387804939005,29.85118390494523,395.0749506460523,544.3344666668805,False
mia_0129,miami,Kendall,25.6716,-80.3233,31.7436845678813,35.0511845678813,7.830879276875591,6.790165835295859,35.258985279011995,26.708521972933614,74.76592045521221,693.0214300984247,35.40473842148104,0.40074421705252694,0.25584659072078114,0.38320729454681357,0.3638877252172355,0.5928677246128973,0.28829700113244805,0.21012371804922975,0.5318492408583908,1.0,0.0,0.4310007451967981,synthetic_demo_calibrated_to_diagnostic_summaries,0.5284196089718669,1.1800709479210754,41.78010322993485,500.0606008435734,650.3578963164789,False
mia_0130,miami,Kendall,25.6716,-80.32090000000001,31.955584944048596,35.26308494404859,8.790801903189552,8.317656570477405,35.78189352724933,26.67555133219024,69.97507334117721,659.9829196041605,29.904207420702946,0.3344517413532832,0.21192211925795046,0.3603415557387226,0.42405553280220615,0.5434599764605034,0.21656327158193658,0.22804488342865947,1.3598522612452273,0.0,0.0,0.28342698936126515,synthetic_demo_calibrated_to_diagnostic_summaries,0.6930839768576614,1.067824131408724,31.932434314478442,475.26848874325054,594.4842689961431,False
mia_0131,miami,Kendall,25.6716,-80.3185,32.12296170725984,35.43046170725984,8.617572326840246,6.9075721611709096,36.62077911031876,27.034323239260598,76.69859122992703,711.6919121193638,21.743270268698005,0.46577935887162886,0.2658451584359705,0.413709512973917,0.42246958439413285,0.5393374915356361,0.2546194938015402,0.26697338593609765,1.3631965051575672,0.0,0.0,0.4566044264429665,synthetic_demo_calibrated_to_diagnostic_summaries,0.7651307431939661,1.0680170030399154,23.22218234866174,353.23590967460285,476.6334063286077,False
mia_0132,miami,Kendall,25.6716,-80.3161,31.767848741051832,35.07534874105183,7.88709817121935,6.793286739062238,36.18553723800295,26.32303103930815,75.57163106066983,843.0299751483182,33.53645847994499,0.4331067282909496,0.2384110236572645,0.3614272023584509,0.35147479628910394,0.6067991137363459,0.2781739331636679,0.23485818838205794,0.3104141157493,0.0,0.0,0.006662614200303127,synthetic_demo_calibrated_to_diagnostic_summaries,0.60655454742669,1.00730018271903,33.78128075459775,428.04441347577654,567.0861000885607,False
mia_0133,miami,Kendall,25.6716,-80.3137,31.88273057395022,35.19023057395022,8.162608466194927,7.523577369778113,35.015424825481624,27.398702453397515,73.52710136849456,772.5752676546037,38.162792150620746,0.43457274305565613,0.200046632452203,0.3502454184757798,0.4291393886387908,0.5344552784567242,0.24270221936323297,0.2234480173474304,0.13117235757268197,0.0,1.0,0.6757435289383427,synthetic_demo_calibrated_to_diagnostic_summaries,0.6142299934853243,1.08,41.21581552267041,543.0730798466991,720.0766483381966,False
mia_0134,miami,Kendall,25.6716,-80.3113,31.896686590731974,35.20418659073197,8.068122361081466,7.52560138735291,35.00850277130886,26.564077481665425,74.94272230918506,831.3657642365241,40.952030285027334,0.6412419245162904,0.24977549921430714,0.40647447529562397,0.44771136023233377,0.5219551770380848,0.20222308486387633,0.21294548060156693,0.3176497457661821,0.0,0.0,0.3474461381723479,synthetic_demo_calibrated_to_diagnostic_summaries,0.5518257252463025,1.0077174811579699,41.268076807132644,516.6895205742825,765.1817574871218,True
mia_0135,miami,Kendall,25.6716,-80.30890000000001,31.54976938330141,34.85726938330141,6.841420391769256,5.507332194294187,35.28300962045997,25.90298562323543,70.91660427422394,822.2389122268905,36.017929535673005,0.4498387525620323,0.26666010874910134,0.40290904714203946,0.38928268112268033,0.5819028486115246,0.1920964684386337,0.2391627814502793,1.6975803997752057,0.0,0.0,0.43869529172445815,synthetic_demo_calibrated_to_diagnostic_summaries,0.3388009128219875,1.0873018306091802,39.162360718889715,358.6998052651749,479.7176099737226,False
mia_0136,miami,Kendall,25.6738,-80.3257,31.80709351930595,35.11459351930595,7.922536239688925,6.069076418125743,36.05763623561718,26.542665880983094,77.51352015576768,834.6184340820195,34.02469414319389,0.3782579602783709,0.24629904468145802,0.39719373251546203,0.4311276795257257,0.5170638759477842,0.3453896301766,0.23667736093898328,0.19130486571494598,0.0,0.0,0.2977527223492626,synthetic_demo_calibrated_to_diagnostic_summaries,0.6256982220103405,1.0004308287047061,34.03935295809963,438.4150571228852,562.7905460698562,False
mia_0137,miami,Kendall,25.6738,-80.3233,31.82999706174532,35.13749706174532,7.798812027773511,7.6637194094226055,36.26713590120485,27.21791885670202,72.22115790596267,691.2663107834437,34.766688402137,0.3968230920981187,0.2297347963939923,0.3576780234034336,0.36555207716983223,0.5943942830311809,0.26702426532657914,0.2368098753469677,0.4851511000394816,0.0,0.0,0.0862115646788023,synthetic_demo_calibrated_to_diagnostic_summaries,0.7040697819221569,1.0173777392827597,35.37085484891428,470.0687539695592,609.969356306242,False
mia_0138,miami,Kendall,25.6738,-80.32090000000001,31.869610163957148,35.177110163957146,8.016153684644271,6.266345068458873,36.20759959186061,26.989177424990807,68.37779651120775,687.8158552092291,36.0375567573198,0.4901882651270498,0.2277362603766649,0.3767874764186229,0.4258606172627373,0.5413509161370462,0.21858977733477686,0.17612627845437542,1.6745394480181353,0.0,1.0,0.094744204254213,synthetic_demo_calibrated_to_diagnostic_summaries,0.7047726331462093,1.1659729963297216,42.01881803273457,574.2173777918546,785.3233429610492,False
mia_0139,miami,Kendall,25.6738,-80.3185,31.9859907987271,35.2934907987271,8.402801306871863,7.422588130367903,35.46335940802786,26.720156129823664,75.19544018296267,720.2594499723109,38.597984153195405,0.404891333751632,0.2731437662632148,0.4129875155444963,0.39955356937509007,0.5572683937126884,0.2878535794148099,0.22226198629438187,1.4643167718868826,0.0,0.0,0.15097301002026503,synthetic_demo_calibrated_to_diagnostic_summaries,0.6372309902637919,1.0738488835192752,41.448402189003566,570.2192102994256,743.3768227411283,False
mia_0140,miami,Kendall,25.6738,-80.3161,31.772281094161706,35.0797810941617,8.440834190941988,7.518959080813465,35.14358985667102,26.337851661116716,82.17859368699047,795.7097100929409,35.18292463099185,0.28782245127162376,0.25198698573316947,0.3999342230631435,0.42270639237135443,0.543331237782285,0.22641579897573724,0.1933062902110841,0.37327915688270363,1.0,0.0,0.36151122962969584,synthetic_demo_calibrated_to_diagnostic_summaries,0.5334690079874214,1.170925780416487,41.196593480878576,533.2387213369677,648.3472782530821,False
mia_0141,miami,Kendall,25.6738,-80.3137,31.499633431156912,34.80713343115691,6.817894329088449,6.670254713497908,35.7553902821165,26.62102019148358,72.99424479997283,769.9159688173718,36.034036532519124,0.5004418871341911,0.2388948350694807,0.40594187205069576,0.4772772485177574,0.4843443004690002,0.2558563400882827,0.2291674057570744,1.9126502314891047,0.0,0.0,0.40233116206739616,synthetic_demo_calibrated_to_diagnostic_summaries,0.43315759126285913,1.0997054920495617,39.62682787552583,387.1983720717841,532.5260850829518,False
mia_0142,miami,Kendall,25.6738,-80.3113,31.515005272800668,34.82250527280067,7.617684407328714,7.273989668694806,36.086299884195725,26.53147728094034,71.77330272937363,761.4026103606418,38.02453701740061,0.2934149435688991,0.26613638015709723,0.43265010323860964,0.475753494518607,0.48339521898378085,0.2723419099840807,0.20318653570616882,0.5703224083471095,0.0,0.0,0.8069590940971392,synthetic_demo_calibrated_to_diagnostic_summaries,0.5182204799982028,1.022289800003984,38.87209634276255,449.56840731961427,548.5009739676476,False
mia_0143,miami,Kendall,25.6738,-80.30890000000001,31.815223841948423,35.12272384194842,8.545417876237384,7.419318052133972,36.21558340278325,27.17464595400547,70.97125990790916,779.3773810531575,24.03225097122285,0.4401860459475232,0.33581280006258984,0.5005723499072017,0.4707415709846051,0.48778551463953423,0.27648609583907113,0.19834016380789865,0.4844353880938269,0.0,0.0,0.2942317259254276,synthetic_demo_calibrated_to_diagnostic_summaries,0.7392115664343283,1.017336462230595,24.448885182501634,363.36641223294316,483.3280304061609,False
mia_0144,miami,Kendall,25.676000000000002,-80.3257,31.34208828197714,34.64958828197714,6.287499158798941,5.829996385845091,36.14211192263694,26.432953401332128,72.60369636156062,789.5727196966059,31.151953279488453,0.5338643950939495,0.33185847408955277,0.49603674526140473,0.46908077477671983,0.49942357293287093,0.2099710152693955,0.269279808803087,0.7652775271488209,1.0,0.0,0.48182527055835794,synthetic_demo_calibrated_to_diagnostic_summaries,0.39302524558523877,1.1935333913083308,37.18089644354653,325.6542749543112,456.0456918354927,False
mia_0145,miami,Kendall,25.676000000000002,-80.3233,31.850216357407483,35.15771635740748,8.146038654933434,6.119680921195646,35.509409081142266,27.414178844317494,68.20015199774697,902.1980115344952,26.755299909558122,0.4473991970532434,0.26064651574039654,0.3775000994794145,0.33386738211147987,0.637747155577679,0.18923641540560748,0.21917699937448828,1.0226613960663529,0.0,0.0,0.24821193555300514,synthetic_demo_calibrated_to_diagnostic_summaries,0.6562333496274526,1.0483774182219496,28.049652242936506,378.43864005053337,505.42349781993084,False
mia_0146,miami,Kendall,25.676000000000002,-80.32090000000001,31.759865135840958,35.06736513584096,7.8472366182085524,7.058156446506564,36.55286705132089,26.844079004156658,71.6587822243964,775.538794437339,32.64999598632555,0.40239399022730804,0.22765791667397317,0.3372213340409147,0.31303833533411873,0.651500049285351,0.23641076920353524,0.26635696455089675,0.0,0.0,0.0,0.3010819880703654,synthetic_demo_calibrated_to_diagnostic_summaries,0.6551975833655842,1.0,32.64999598632555,424.08188724355466,552.0678893368506,False
mia_0147,miami,Kendall,25.676000000000002,-80.3185,31.718818851433838,35.026318851433835,8.561229125562097,6.895967864064751,36.248982453823686,25.929345780870396,71.61243584817153,741.0722410937649,22.746712692815578,0.5969514724238031,0.29324243438031605,0.44667133657020874,0.4383682919711219,0.5181375718476371,0.2899609078749398,0.24063076555353347,0.7877119133485964,0.0,0.0,0.14180806616857325,synthetic_demo_calibrated_to_diagnostic_summaries,0.6092476022664236,1.034827243304342,23.538917990142227,324.2989084041461,469.4919415621115,False
mia_0148,miami,Kendall,25.676000000000002,-80.3161,31.737449049795483,35.044949049795484,8.184455200341377,7.695104251078184,35.05831735236609,27.03174239390755,73.03971001840502,701.133560293068,26.616944340761737,0.4561735454770931,0.27283647309264153,0.46113146878341166,0.5379857019736289,0.4333666488231858,0.19098432802123566,0.2650370759148163,0.8636722742120143,0.0,0.0,0.06645858305216076,synthetic_demo_calibrated_to_diagnostic_summaries,0.5553396850187503,1.0392080836645667,27.66054372136944,352.1078779027138,472.5746021926861,False
mia_0149,miami,Kendall,25.676000000000002,-80.3137,31.733540276588112,35.04104027658811,7.7928969575709095,6.729515277799976,35.99496215696263,26.92766158981337,71.87945800845746,822.2288226283254,28.09348746682348,0.3399176409586431,0.21834890646474484,0.36695819676647473,0.4245979722906569,0.5318437925920607,0.29038823411521625,0.21642914480199624,1.1606802378207441,0.0,0.0,0.1665766839577079,synthetic_demo_calibrated_to_diagnostic_summaries,0.6203617304615593,1.056337339759399,29.67619981526833,374.7306340262511,470.263798861106,False
mia_0150,miami,Kendall,25.676000000000002,-80.3113,31.55104061034315,34.85854061034315,7.223745167290222,5.532781261886289,35.76866758892868,26.653637401720566,73.0123986479646,905.3697928101317,32.07538269511809,0.6424628168449922,0.23126371088239878,0.3869138143845476,0.44471458143471093,0.5122147134633791,0.28713803401273325,0.22597714123747717,0.7679473808501986,1.0,0.0,0.48511327930512677,synthetic_demo_calibrated_to_diagnostic_summaries,0.47967626191459356,1.1936873690240493,38.28797917977503,409.2527144336499,606.4499532210264,True
mia_0151,miami,Kendall,25.676000000000002,-80.30890000000001,31.3068341283819,34.6143341283819,6.370158760877121,5.734424702670492,35.383874124456334,25.944688043309167,69.51479992319696,827.8586853523743,28.214128776825717,0.3729828811712079,0.31612443340934854,0.4826979896395822,0.47592444637209613,0.49472837147753207,0.19564788100247843,0.2268838109337529,1.5914608205399228,0.0,0.0,0.2439042348014981,synthetic_demo_calibrated_to_diagnostic_summaries,0.2595794104464891,1.0811816261967773,30.50459763265372,244.76037502335245,313.228947427919,False
mia_0152,miami,Kendall,25.6782,-80.3257,31.51819309706643,34.82569309706643,7.9681708998457,6.091054441760995,34.871440667397245,26.57091246787076,75.2750590979322,703.0918182751874,30.56464919710275,0.5147379975854005,0.2891105549287418,0.46105473532793567,0.49126908685483955,0.4758643440224155,0.2191104608182997,0.24343543615671226,1.035726624770773,0.0,0.0,0.30842344069863664,synthetic_demo_calibrated_to_diagnostic_summaries,0.41495016446212785,1.0491309254535282,32.066318698318845,361.5337856630552,501.10516833180804,False
mia_0153,miami,Kendall,25.6782,-80.3233,31.68687248118665,34.99437248118665,7.438142113574415,7.30469933017343,35.323800279843475,26.85202903927561,72.87195071131757,785.8794147947391,32.54149547381019,0.46915006478032023,0.20115058800637708,0.3455844382534201,0.41266814356298004,0.5502187765975115,0.24742053226338973,0.2406295745352704,1.4452933325420434,0.0,0.0,0.2720307882758418,synthetic_demo_calibrated_to_diagnostic_summaries,0.5043388556915754,1.0727517500943562,34.90894622021745,390.6131718342703,528.055317986841,False
mia_0154,miami,Kendall,25.6782,-80.32090000000001,31.907378591761894,35.214878591761895,8.425378511210043,8.020610499274058,36.79573851532071,26.861812034540662,75.50684478365874,776.7404499243422,28.629327276971786,0.44296740165804144,0.3393511830329248,0.4838107187423507,0.41274153059835994,0.5330678949109763,0.36127049660442534,0.2131741175391034,1.297860448048244,0.0,0.0,0.3202955284292127,synthetic_demo_calibrated_to_diagnostic_summaries,0.7380074317546376,1.0642488951385174,30.468729923076243,446.16489994782864,594.3922797785109,False
mia_0155,miami,Kendall,25.6782,-80.3185,31.75552942371057,35.06302942371057,7.395374849430045,6.574892126088847,35.29667493646044,26.507672230504966,70.37182160766827,676.8127801781211,27.2489542208872,0.48089530965988725,0.22382495778892436,0.3732603585004789,0.4269582877472986,0.5337617100570025,0.2618666813046594,0.23664389565175942,1.2723523548012363,0.0,0.0,0.48802869877966115,synthetic_demo_calibrated_to_diagnostic_summaries,0.49066797862559247,1.0627777741072495,28.95958291362484,319.25184594183605,434.3968824271035,False
mia_0156,miami,Kendall,25.6782,-80.3161,31.75717257776935,35.06467257776935,8.089906477303149,6.528715127918882,35.57852004763595,26.467878303393015,70.05670189759536,664.6564418403143,35.58789270724236,0.4708425553145621,0.27229573498789506,0.4423726041016086,0.48593391175346723,0.48705432689887906,0.18007840898435812,0.1986383750145111,0.0,0.0,0.0,0.07081157871383402,synthetic_demo_calibrated_to_diagnostic_summaries,0.563551133335186,1.0,35.58789270724236,450.1506299719014,609.1131846412239,False
mia_0157,miami,Kendall,25.6782,-80.3137,31.611763875734795,34.91926387573479,7.868139958007549,7.157511023051292,36.12220528623603,26.73994368127321,74.4390715917926,721.6158123494487,33.777006256226606,0.5194045522685011,0.24081825975377844,0.40014629554982706,0.45522295941728186,0.5017960656968793,0.28653983257225896,0.21081393763085357,0.7257242776721307,0.0,0.0,0.10335361009493084,synthetic_demo_calibrated_to_diagnostic_summaries,0.5857475044692487,1.0312522479630921,34.83261363119711,434.6024554227794,603.9033257530244,False
mia_0158,miami,Kendall,25.6782,-80.3113,31.674024347563723,34.98152434756372,8.420206554870752,6.368837025157343,35.98181699149437,26.64892567397625,70.25627116501795,658.3069717266496,32.62254498334088,0.25402915939492277,0.30281934634021773,0.42851168127728645,0.35912095696305346,0.604366814747331,0.2434148552641035,0.1701548524078447,0.5264169538160159,0.0,0.0,0.33974670224281833,synthetic_demo_calibrated_to_diagnostic_summaries,0.6182350548737292,1.0197576531703259,33.26708991265508,453.2931560808177,539.655415629829,False
mia_0159,miami,Kendall,25.6782,-80.30890000000001,31.529988169118372,34.83748816911837,7.631023122435747,7.342517193520434,35.966162509099256,25.990041204200086,70.46857006442583,773.008420426324,34.158508857636164,0.44324215682975043,0.21031879666703338,0.3455193099859764,0.38628718091126585,0.5828289777765431,0.2058922754146072,0.22778625296714616,1.2695653408481524,0.0,0.0,0.3738392498856051,synthetic_demo_calibrated_to_diagnostic_summaries,0.46513695604706246,1.062617039441545,36.29741355403913,405.82301406190976,540.731415094873,False
mia_0160,miami,Kendall,25.680400000000002,-80.3257,31.721352898755004,35.028852898755005,7.504598495599931,6.734673317720341,35.5648317557919,26.705781218561068,64.75169384188433,702.705167831273,28.103518228017837,0.5650719429720741,0.24110548001964016,0.3916872927880481,0.43023375076687986,0.5403193431956419,0.19631270691652167,0.22991558585762786,1.3161142552253804,0.0,0.0,0.3184068887472122,synthetic_demo_calibrated_to_diagnostic_summaries,0.5328362257611234,1.0653016417855898,29.93872410825865,344.3947367978696,490.3505891016658,False
mia_0161,miami,Kendall,25.680400000000002,-80.3233,31.367826421461874,34.675326421461875,6.681625136502053,6.092657959319595,35.16475959872638,26.797129554177538,68.92336826223095,688.0047031341111,26.732606575639185,0.5374062327403996,0.24911095291800087,0.37219606821000817,0.35167175797716377,0.607716619429858,0.27074415061985474,0.203284884188407,1.8072798429872043,0.0,0.0,0.28847107297234437,synthetic_demo_calibrated_to_diagnostic_summaries,0.3351752122927849,1.0936284955019582,29.235540310162037,260.81435568646873,365.9368009370285,False
mia_0162,miami,Kendall,25.680400000000002,-80.32090000000001,31.690150102105726,34.99765010210572,7.57292927109465,7.4679110418091375,35.1856671133116,26.971756131834386,74.45393053393511,728.9268854506871,57.49452026122476,0.5078390954834257,0.2640631330032296,0.4007176863031734,0.3904415808569822,0.5611876242266282,0.3224719661092643,0.24818261265394542,1.4127667814142753,0.0,0.0,0.2142457281584848,synthetic_demo_calibrated_to_diagnostic_summaries,0.5094212295015352,1.070875855531195,61.56949357309469,703.7848859755876,971.8419959071488,False
mia_0163,miami,Kendall,25.680400000000002,-80.3185,31.626623836194643,34.934123836194644,7.94088653811384,6.455366315227395,35.28969799210436,26.652278557145905,74.75574259407657,741.7114926271122,37.18879489751382,0.4900946745408928,0.29401111968094057,0.4742983783248156,0.5151064532682142,0.4507724703652355,0.22747384244366875,0.22496546386050287,1.2271248009403788,0.0,0.0,0.22770448738103063,synthetic_demo_calibrated_to_diagnostic_summaries,0.49824277826003943,1.0601693782137105,39.426421563014436,469.0709580705086,641.4878419696216,False
mia_0164,miami,Kendall,25.680400000000002,-80.3161,31.7162586010126,35.0237586010126,7.425153125646606,7.199562411842963,35.98591087748404,26.787295047782038,73.76990314324459,695.8065737477467,23.11159529734141,0.4903915415185266,0.18318366976288922,0.33791326656663434,0.4420845622964146,0.5173307512705747,0.2705645762200716,0.27062659118459914,0.8141062084985831,1.0,0.0,0.26752347558461204,synthetic_demo_calibrated_to_diagnostic_summaries,0.5781819912696368,1.196349474006756,27.64954487743141,324.0040842011291,443.1707309333968,False
mia_0165,miami,Kendall,25.680400000000002,-80.3137,31.43298407924409,34.74048407924409,7.148819773187737,6.83005521311845,35.49533271806977,26.55422483322422,72.15051001334048,742.1385077484982,23.9895172801832,0.4637120063271464,0.2625887143276857,0.45595531120896415,0.552475991089367,0.41023096109482243,0.24862031877207025,0.19215027607632917,1.024005230824752,0.0,0.0,0.2120965570238047,synthetic_demo_calibrated_to_diagnostic_summaries,0.4007869366926038,1.0484549208230451,25.151927440577552,251.87073111751613,339.4673426637076,False
mia_0166,miami,Kendall,25.680400000000002,-80.3113,31.328416563351617,34.635916563351614,6.747575627578998,6.69150996035741,35.07299928382511,25.70871369281392,71.49814556203404,684.8408311097539,33.757816612941255,0.4133869204568639,0.2784669447961988,0.4246117170484949,0.41755649214941726,0.535173233058624,0.3151351652797252,0.1999327197998974,0.9812616326393477,0.0,0.0,0.4606326671302714,synthetic_demo_calibrated_to_diagnostic_summaries,0.225769805148584,1.0459897814010701,35.310331219547834,292.0508477702163,382.59834820262586,False
mia_0167,miami,Kendall,25.680400000000002,-80.30890000000001,31.132098700667836,34.43959870066784,6.198632968919425,5.594304234163443,35.111927507400836,26.329471495941313,78.01336368568974,606.3371377434454,24.154281318522823,0.28358772706378754,0.29225955894909733,0.4378963856805651,0.4161052192327651,0.5521730632573828,0.21147811673234743,0.25155564581582557,1.567729492510301,0.0,0.0,0.10996774782711,synthetic_demo_calibrated_to_diagnostic_summaries,0.20916767799524125,1.0798129760422468,26.082106394715776,195.49025523032023,237.0692330882349,False
mia_0168,miami,Kendall,25.6826,-80.3257,31.479124526798092,34.78662452679809,7.613136203574863,7.558438325185721,35.87537823263439,27.22997911693075,74.57528792191779,647.6460814697253,33.41612941786627,0.6733002707939545,0.26405531581223035,0.41746322872208874,0.4383083225995954,0.5193058042829215,0.2825724874498873,0.19064677359875698,1.3046634022701384,1.0,0.0,0.33326573071572385,synthetic_demo_calibrated_to_diagnostic_summaries,0.5431412038547198,1.22464123998898,40.92277016592798,480.76660359345595,723.5418168845787,True
mia_0169,miami,Kendall,25.6826,-80.3233,31.805435029029326,35.11293502902932,8.656254329095997,8.018128127475416,35.01477963827383,26.790333015249914,71.38510271405005,809.2933241586217,28.494746859210814,0.390397211669996,0.25581222785443125,0.4044457778923686,0.4246672858226782,0.5415733719754189,0.22506228134601938,0.2531801887450836,1.7828742909319715,0.0,0.0,0.21462565595835542,synthetic_demo_calibrated_to_diagnostic_summaries,0.5820563694589036,1.0922209610163154,31.12255979848387,426.21356870969976,551.0080103098385,False
mia_0170,miami,Kendall,25.6826,-80.32090000000001,31.73503742238829,35.04253742238829,7.862043481163051,6.471381063878579,34.96238744962391,27.109597589194152,77.26322781420936,738.7758868302652,40.710207245786485,0.6057505082091001,0.19230258935754801,0.36818937946873737,0.5025336860319696,0.46975329755697504,0.18475344274036903,0.2347435776981877,0.0,0.0,0.0,0.38098480929132156,synthetic_demo_calibrated_to_diagnostic_summaries,0.5297567641192958,1.0,40.710207245786485,489.6222404309111,712.0639311595381,True
mia_0171,miami,Kendall,25.6826,-80.3185,31.653757388098143,34.96125738809814,7.465380179797193,6.200594943694324,35.04757324156828,26.558853500459183,73.26852699929144,693.1281943826134,35.89395568405907,0.5173237314543432,0.2983770307141036,0.4297008002657635,0.3752107701475997,0.5809289916951986,0.292401587714678,0.2462302728533916,1.2124229192931777,0.0,0.0,0.17882877144240422,synthetic_demo_calibrated_to_diagnostic_summaries,0.44156302608258263,1.0593214807608915,38.02323828560328,409.19909578293783,567.9653981365673,False
mia_0172,miami,Kendall,25.6826,-80.3161,31.6720447334027,34.9795447334027,7.594467355438645,5.780143972093282,35.927398708009456,26.25739557373686,74.63763651321743,662.4315393575762,29.896487469992046,0.5683300945641492,0.31729345664814124,0.4595383067734842,0.40641385750097986,0.5647290450271503,0.19238064981246578,0.2248457395646154,1.3581720240760546,2.0,1.0,0.33001184959157853,synthetic_demo_calibrated_to_diagnostic_summaries,0.5247281530643149,1.307727227566749,39.09645067311675,452.71727958447883,645.6869203222823,False
mia_0173,miami,Kendall,25.6826,-80.3137,31.41152496867528,34.71902496867528,7.055139382555803,5.573098825375375,35.318145901273105,27.035999581945873,72.66350829966825,851.4899687382812,23.790100391394972,0.45462509831267106,0.25171026981030425,0.43598037728548056,0.5264860213576467,0.4430367131798491,0.203181769750028,0.26704619341191493,0.0,0.0,1.0,0.2894175838189231,synthetic_demo_calibrated_to_diagnostic_summaries,0.40965266322444077,1.08,25.693308422706572,255.52755799798908,342.6544888803135,False
mia_0174,miami,Kendall,25.6826,-80.3113,31.432654470989224,34.740154470989225,7.042108210893973,6.6980061674538725,35.94955919168871,25.958780613524294,70.77196343589654,640.7130262046816,26.62403170485552,0.5144057579725297,0.28332086973167875,0.4436334675155751,0.4580359936682753,0.5098583648499724,0.2140376098783488,0.26816450148381893,1.4547554444756903,0.0,0.0,0.4209887448282722,synthetic_demo_calibrated_to_diagnostic_summaries,0.39229627761447017,1.0732974557937593,28.575505491793812,280.1742886592651,388.26673915090277,False
mia_0175,miami,Kendall,25.6826,-80.30890000000001,31.316626463874105,34.624126463874106,6.394877876674684,4.887750239694142,35.49825800349787,26.630608179349274,75.17712394995617,754.931136281862,34.19599681335482,0.31286908606484665,0.26101936483192395,0.3892692007267325,0.36642810255659586,0.58751232865393,0.30706379192982786,0.2415204537282603,1.6806887230873544,0.0,1.0,0.28684415033635374,synthetic_demo_calibrated_to_diagnostic_summaries,0.3327047559748912,1.1663276417277049,39.88373631984823,339.9085110324276,419.6686599267114,False
mia_0176,miami,Kendall,25.684800000000003,-80.3257,31.45194360703317,34.75944360703317,7.119609363597898,6.653020747051302,35.67601467934652,27.172339847308663,77.04196972484067,733.6383693883561,27.78749947275532,0.348030831993212,0.278431705952646,0.39902788161988656,0.3445605019064017,0.6255813846637976,0.19905408953200435,0.22609620800181715,0.9603277536944486,0.0,0.0,0.036040256025132326,synthetic_demo_calibrated_to_diagnostic_summaries,0.4762202015793655,1.0447824677346333,29.031892271320128,305.1284152440431,384.773987410659,False
mia_0177,miami,Kendall,25.684800000000003,-80.3233,31.378841351625592,34.68634135162559,7.4454583848269555,6.652620383340052,35.1471190448129,26.14706531739291,70.70351409687325,630.3090496816806,30.759694028432307,0.4907865076198647,0.2699176889739463,0.4143266761450829,0.4125971062032474,0.5612895566433794,0.17408891435582113,0.2640424546799589,1.516090150128897,0.0,0.0,0.285042685293722,synthetic_demo_calibrated_to_diagnostic_summaries,0.331844130385437,1.0768347948868584,33.12310880988942,328.45504193483646,449.35601914083736,False
mia_0178,miami,Kendall,25.684800000000003,-80.32090000000001,31.51191656384877,34.81941656384877,7.63444000178946,7.350127705847481,35.44828990935613,26.250798046310454,76.57180203660376,747.9985117958545,35.16837486098536,0.5304246788792345,0.2598188412947766,0.37749142528728313,0.3362073828357329,0.6275147573755022,0.24185239859176558,0.19221765878948524,1.581498290957139,0.0,0.0,0.49310061959668405,synthetic_demo_calibrated_to_diagnostic_summaries,0.42616306090823747,1.0806070600521447,38.00319416534114,413.7771181410664,578.385314404229,False
mia_0179,miami,Kendall,25.684800000000003,-80.3185,31.620374884668095,34.92787488466809,7.335025334003889,7.071873966774465,35.97992140771226,26.961667949815727,73.77008349712925,803.6303746376379,31.321900437867995,0.5430661374964579,0.24704743934620713,0.4215211239905198,0.49849624184089325,0.45696518726203705,0.2969238059804648,0.20820841187241912,2.143625579654752,0.0,0.0,0.13741975744066398,synthetic_demo_calibrated_to_diagnostic_summaries,0.5569082956532071,1.1130264678316604,34.86210421013515,398.1238980453554,560.279603712749,False
mia_0180,miami,Kendall,25.684800000000003,-80.3161,31.526377480514626,34.83387748051462,7.425293899017732,5.73305129320787,34.56008297004432,26.753245763322504,74.58009412631372,664.7288150464772,31.860336575313923,0.2639052813795989,0.25465298067059405,0.4352675085268241,0.5160415081606573,0.4479011781218017,0.24038209145027384,0.18698304000909544,1.3903066736156533,0.0,0.0,0.21300867506268203,synthetic_demo_calibrated_to_diagnostic_summaries,0.363856372946391,1.069580520100705,34.07719536480778,345.1009298912883,413.40639839677954,False
mia_0181,miami,Kendall,25.684800000000003,-80.3137,31.497468297702113,34.80496829770211,7.102187416909409,6.983190314056122,34.836325099752024,25.721967246900704,72.74317810677655,849.7954999271899,40.61027911508687,0.656383641813321,0.21587700608993757,0.36710055113374046,0.4320672715537226,0.5392090412405329,0.1914912480382964,0.23282443126362515,1.5746783095153303,0.0,0.0,0.12263780445680902,synthetic_demo_calibrated_to_diagnostic_summaries,0.2765633888504088,1.0802137331956545,43.86778120902551,397.72251978940244,593.5164367673063,True
mia_0182,miami,Kendall,25.684800000000003,-80.3113,31.27854133646235,34.58604133646235,6.459623993482934,5.349194946855181,35.318845224272614,26.219711936658907,75.00459353067289,705.274683918667,29.3219520080662,0.4072164352590354,0.29333432129216497,0.4542579741208973,0.45978186522494946,0.5052895665824136,0.23285712128424585,0.2379083769192665,1.3763602844561367,0.0,0.0,0.3279448704452068,synthetic_demo_calibrated_to_diagnostic_summaries,0.26709611849029696,1.0687761939519749,31.338604266423463,256.50536305703605,334.8452627337192,False
mia_0183,miami,Kendall,25.684800000000003,-80.30890000000001,31.39736876231866,34.70486876231866,7.30928060836064,6.465688756864629,35.20997122492362,27.535486520281715,75.10405251503448,764.9696300797464,32.569899902572146,0.4453879101751392,0.2616601369145772,0.39169906350453637,0.37153979025702627,0.5910894456525798,0.24913842726929283,0.23897128577697396,0.41139840779974424,0.0,0.0,0.31879932409551914,synthetic_demo_calibrated_to_diagnostic_summaries,0.43029106270636325,1.0131242211692788,32.99735447235477,344.96750065453637,460.200766300685,False
mia_0184,miami,Kendall,25.687,-80.3257,31.255408038469454,34.56290803846945,6.871558756914055,6.274812064206709,35.634296418937545,26.18422501617118,71.10455293275166,744.080555847104,40.19958172000545,0.3545767536962859,0.3965217521944891,0.5632553321081641,0.47638165689621426,0.4976188907017271,0.1733296826803905,0.246999989932892,0.7743767617680443,0.0,1.0,0.2216254879358757,synthetic_demo_calibrated_to_diagnostic_summaries,0.3118641198779771,1.1140581688872413,44.784672401022284,403.7137304326037,511.0743584021613,False
mia_0185,miami,Kendall,25.687,-80.3233,31.665047434205515,34.97254743420552,7.758556020171235,6.48559048689821,35.875228497126834,26.12748786952898,71.68160945995933,798.2262461582,37.31876786205259,0.4601526903822907,0.28457569902195334,0.43422945882532693,0.42758217086678163,0.5293993520473053,0.2867898472394207,0.24774097590309377,1.6003388435228616,1.0,0.0,0.22199814598464074,synthetic_demo_calibrated_to_diagnostic_summaries,0.5167619829872653,1.241693645899693,46.33847692711637,545.305766270185,733.4987028428367,False
mia_0186,miami,Kendall,25.687,-80.32090000000001,31.526963673127195,34.834463673127196,7.7702935010305705,7.720645286435217,35.888064527610425,26.377048012039893,77.64617667538859,656.5999924421301,28.08999364615827,0.5803104234823411,0.34435253085492395,0.519260294556765,0.49973646771954594,0.46623988150493023,0.2268243385034922,0.22127867569236118,0.6184927815733775,0.0,1.0,0.42806217526412127,synthetic_demo_calibrated_to_diagnostic_summaries,0.49756259613804793,1.105067916284608,31.041350747007996,361.21270615800773,518.4243300163246,False
mia_0187,miami,Kendall,25.687,-80.3185,31.627019410763467,34.934519410763464,7.665460097223608,7.30691844931309,35.504268665895715,26.416278132368596,72.08539641101977,840.411964487592,33.60458288283026,0.41110231956339427,0.3034051517375781,0.5026064143170634,0.5691464645128154,0.3998441025327615,0.2067295530294876,0.22477288726567018,1.214032228901243,1.0,0.0,0.14260023133059974,synthetic_demo_calibrated_to_diagnostic_summaries,0.48349194523510103,1.2194142940177397,40.97790871182708,465.9863663810102,609.6624234591235,False
mia_0188,miami,Kendall,25.687,-80.3161,31.575839834907732,34.88333983490773,7.332233668293581,7.018135163652519,36.29138941770238,26.26593103667639,72.46652282413393,779.7265984078487,25.546215619100487,0.3187298840658148,0.24922661940727328,0.3860370091040972,0.39088682770521116,0.5717271124312557,0.24924039909022055,0.2270586912750961,2.714757459821584,0.0,1.0,0.07666476071717206,synthetic_demo_calibrated_to_diagnostic_summaries,0.5162572627407577,1.2259651948625239,31.31877120947058,348.1880847747821,431.42154569480545,False
mia_0189,miami,Kendall,25.687,-80.3137,31.513871526109643,34.821371526109644,6.517204099850342,6.31475695694943,34.57779377489294,26.550482101805187,71.95489191029779,679.5588496622955,26.724600800861992,0.4731995862987501,0.2584039031404581,0.3617720606049516,0.2953375927556958,0.6634642098343939,0.2746546493994016,0.19567333168574233,0.0,0.0,0.0,0.17457782856259033,synthetic_demo_calibrated_to_diagnostic_summaries,0.28761192881676934,1.0,26.724600800861992,224.26295491025107,303.8538080245006,False
mia_0190,miami,Kendall,25.687,-80.3113,31.181615402972426,34.48911540297242,6.120809062430544,4.809949389842613,35.3824898626323,25.67013141586168,69.36427084005616,681.3775412538427,25.247004465705345,0.42157832115057525,0.2915731613923226,0.4196568442346854,0.36595337954960805,0.596156362233695,0.2526017214446468,0.23688573760547174,0.6078893214084966,1.0,0.0,0.3489331955684078,synthetic_demo_calibrated_to_diagnostic_summaries,0.19784409009183454,1.1844563859321933,29.903975665063296,219.24922004575623,288.57225862110346,False
mia_0191,miami,Kendall,25.687,-80.30890000000001,31.312190052372262,34.61969005237226,6.475198767714582,6.442210351396556,34.62812862924561,25.672790639566948,74.88248169001554,885.362899986304,19.414837267259102,0.29278344087126124,0.25018711723059606,0.4123046081973143,0.46319283133348066,0.5051623179906422,0.2109656711725144,0.18353491423462914,0.15492282919723366,0.0,0.0,0.3900815817232462,synthetic_demo_calibrated_to_diagnostic_summaries,0.15710972255335934,1.0,19.414837267259102,145.46596817617714,177.40848819539505,False
